"id";"isbn";"author";"avg_rate";"description";"image";"price";"published_date";"publisher";"quantity_import";"quantity_in_stock";"quantity_sold";"title";"category_id"
37;3984422511;"So Yun";0;"For days of depression and fatigue as if you see the night sky ... all of them ...";"https://bookbuy.vn//Res/Images/Product/mot-ngoi-sao-nho-cung-du-thap-sang-bau-troi-dem_133203_1.jpg";"99,000";"2020-03-22";"Dan Tri Publishing House";248;6;242;"A small star is also enough to light the night sky";1
38;6959577582;"John Marrs";0;"Each house has its own secret, and the house that Maggie and Nina Simmonds have been together for so long ...";"https://bookbuy.vn//Res/Images/Product/bong-toi-giua-chung-ta_132199_1.jpg";"209,000";"2023-02-19";"Literature Publishing House";262;163;99;"The darkness between us";1
39;7509372202;"Think";0;"Bach Thuy village is about to be engulfed in the water storage of auxiliary hydroelectric dam.Six people x ...";"https://bookbuy.vn//Res/Images/Product/cua-sinh-nghi-nam-gioi_131199_1.jpg";"155,000";"2021-03-02";"Hanoi Publishing House";300;156;144;"Gate of birth - Thinking men";2
40;8995993539;"Mochi here";0;"Eighteen two two sent to him - who was in the most beautiful twenties of life.Age ...";"https://bookbuy.vn//Res/Images/Product/muoi-tam-hai-hai_131180_1.png";"105,000";"2019-06-29";"Literature Publishing House";250;102;148;"Eighteen two two";2
41;5350499362;"Chaiyapat tongkambunjong";0;"There are many things that people do not understand yourself, why do I have to do this ...? Why am I ... c ...";"https://bookbuy.vn//Res/Images/Product/qua-lang-kinh-cua-mot-chu-meo_131179_1.jpg";"135,000";"2023-11-16";"Literature Publishing House";235;74;161;"Through the lens of a cat";2
42;8968555668;"Nonchan";0;"The world of children is a land of a story.The place where chili smiles, the moon is the fruit ...";"https://bookbuy.vn//Res/Images/Product/chau-la-co-tich_131165_1.jpg";"60,000";"2022-07-14";"Kim Dong Publishing House";338;111;227;"You are fairy";2
43;4345713197;"Nguyen Thanh Nga Han Pham";0;"Childhood is the invaluable treasure of the soul.There she was rushed into their parents' parents, playing with the ...";"https://bookbuy.vn//Res/Images/Product/hat-bap-vo-tay_131164_1.jpg";"60,000";"2020-04-13";"Kim Dong Publishing House";374;176;198;"Corn seeds clapped";2
44;3076197817;"Thu Vien";0;"He is a meter tall eighty -two, likes to smoke, like La Ca Ca Net.He plays the top game, b ...";"https://bookbuy.vn//Res/Images/Product/khi-anh-cuoi-hao-hoa-phong-nha_131163_1.jpg";"248,000";"2022-02-10";"Thanh Nien Publishing House";324;93;231;"When he smiled, the pompous elegance";2
45;5542116188;"Susanna Clarke";0;"Piranesi - The mystery of the endless house of Piranesi is not a normal home: ...";"https://bookbuy.vn//Res/Images/Product/piranesi-bi-an-ngoi-nha-vo-tan_131155_1.png";"169,000";"2021-07-26";"Thanh Nien Publishing House";336;45;291;"Piranesi - Endless house";1
46;2326034112;"Chau Lo Minh";0;"You will never know: How many lies your love has. There are negative eyes ...";"https://bookbuy.vn//Res/Images/Product/40-phut-nua-toi-se-ve-den-nha_131141_1.jpg";"135,000";"2019-08-08";"Dan Tri Publishing House";265;102;163;"In 40 minutes I will come home";1
47;2207864184;"Phan Quoc Dung Nguyen Tuan Nam";0;"In society, people always motivate people to move forward, many of us fall into pressure ...";"https://bookbuy.vn//Res/Images/Product/den-noi-nen-den-yeu-nguoi-nen-yeu_131138_1.jpg";"105,000";"2021-09-21";"Dan Tri Publishing House";329;166;163;"Going to the place should come to love people should love";1
48;7742579869;"Summer";0;"Just one question, why did the old wound seem to have healed so hard ...";"https://bookbuy.vn//Res/Images/Product/dao-nay-em-co-on-khong-_131136_1.JPG";"90,000";"2019-07-31";"Women's Publishing House";267;80;187;"Are you okay lately?";1
49;8742484574;"To Tan";0;"Perhaps, it takes many years to realize, living a normal life is a non -...";"https://bookbuy.vn//Res/Images/Product/lam-mot-nguoi-binh-thuong_131128_1.JPG";"119,000";"2021-11-20";"Dan Tri Publishing House";276;1;275;"As a normal person";1
50;7079731786;"Chau Pham Nguyen Tham";0;"Youth, what we most abundant is time but what we need most is the spirit of dare to storm ...";"https://bookbuy.vn//Res/Images/Product/dang-yeu-la-sieu-nang-luc-cua-to_131127_1.JPG";"79,000";"2020-07-24";"World Publishing House";261;66;195;"Cute is my superpower";1
51;7100812940;"Co To A Tieu";0;"Poetry for broken hearts - Heart Talk ""Poetry for broken hearts (Heart Talk)"""" brings ...""";"https://bookbuy.vn//Res/Images/Product/tho-cho-nhung-trai-tim-tan-vo_131125_1.jpg";"109,000";"2020-07-29";"World Publishing House";398;159;239;"Poetry for broken hearts";1
52;6786918972;"Phuc Nguyen";0;"Kittens are three for a bicycle wheel.What to do with the wheel?Turns out, just need to be ...";"https://bookbuy.vn//Res/Images/Product/vun-dap-tam-hon-khi-con-va-cac-ban-vui-nhon-banh-xe-ngo-nghinh_130125_1.jpg";"40,000";"2024-01-29";"Kim Dong Publishing House";293;15;278;"Cultivating the soul - Monkey and Funny friends - Funny wheels";1
53;7083247596;"Many authors";0;"Co To A Tieu is the Chinese author famous for his creative style with the ideology of technology ...";"https://bookbuy.vn//Res/Images/Product/nhan-gian-tieu-man_130124_1.jpg";"89,000";"2023-12-20";"Dan Tri Publishing House";365;140;225;"The human world is full";1
54;2342112474;"Yusen Atsuko";0;"Pilgrimage to manga and anime book 1 Manga and anime - Book 1: Introduce the overview of Dun ...";"https://bookbuy.vn//Res/Images/Product/hanh-huong-den-thanh-dia-manga-va-anime-quyen-1_130117_1.png";"129,000";"2022-02-22";"Women's Publishing House";461;192;269;"Pilgrimage to manga and anime book 1";1
55;2147106859;"Madeleine L’ Engle";0;"For days of depression and fatigue as if you see the night sky ... all of them ...";"https://bookbuy.vn//Res/Images/Product/nep-gap-thoi-gian-the-graphic-novel_126136_1.jpg";"220,000";"2021-08-20";"Writers Association Publishing House";269;34;235;"The graphic novel - The Graphic Novel";3
56;3281735330;"Ichikawa takuji";0;"Each house has its own secret, and the house that Maggie and Nina Simmonds have been together for so long ...";"https://bookbuy.vn//Res/Images/Product/118829_neu-gap-nguoi-ay-cho-toi-gui-loi-chao_24934_1.jpg";"118,000";"2022-09-30";"Times Publishing House";328;161;167;"If I meet him, I will send greetings (Representation 2022)";3
57;1198383613;"Lam Lam";0;"Bach Thuy village is about to be engulfed in the water storage of auxiliary hydroelectric dam.Six people x ...";"https://bookbuy.vn//Res/Images/Product/thanh-xuan-ay-minh-da-tung-thuong_95835_1.PNG";"79,000";"2022-02-07";"Dan Tri Publishing House";264;83;181;"That youth I used to love";3
58;9645431570;"Ha Vu";0;"Eighteen two two sent to him - who was in the most beautiful twenties of life.Age ...";"https://bookbuy.vn//Res/Images/Product/-don-phuong-anh-khong-thuong-em_95444_1.jpg";"69,000";"2022-09-01";"Hanoi Publishing House";440;22;418;"#Preptions-won't love you";3
59;1089637934;"Prosthetics";0;"There are many things that people do not understand yourself, why do I have to do this ...? Why am I ... c ...";"https://bookbuy.vn//Res/Images/Product/phu-sinh-luc-ky_95250_1.jpg";"98,000";"2023-07-20";"Writers Association Publishing House";442;169;273;"Sinh Sinh Luc Ky";3
60;1026430766;"Ye careless optimism";0;"The world of children is a land of a story.The place where chili smiles, the moon is the fruit ...";"https://bookbuy.vn//Res/Images/Product/anh-khong-muon-de-em-mot-minh-tai-ban-2020-_95243_1.jpg";"89,000";"2022-06-29";"Literature Publishing House";250;163;87;"I don't want you to leave you alone (Reprinted 2020)";3
61;8384118114;"Kim Dai";0;"Childhood is the invaluable treasure of the soul.There she was rushed into their parents' parents, playing with the ...";"https://bookbuy.vn//Res/Images/Product/nha-co-chong-ngoan_95242_1.jpg";"146,000";"2020-01-30";"Literature Publishing House";437;14;423;"The house has a good husband";3
62;9996491719;"Tanizaki junichiro";0;"He is a meter tall eighty -two, likes to smoke, like La Ca Ca Net.He plays the top game, b ...";"https://bookbuy.vn//Res/Images/Product/tinh-kho_95236_1.jpg";"98,000";"2023-05-10";"Writers Association Publishing House";418;37;381;"Love stupid";3
63;3333293069;"Diem Lien Khoa";0;"Piranesi - The mystery of the endless house of Piranesi is not a normal home: ...";"https://bookbuy.vn//Res/Images/Product/nang-kim-lien-o-tran-tay-mon_95233_1.jpg";"78,000";"2022-06-26";"Writers Association Publishing House";363;189;174;"Kim Lien in Tay Mon town";3
64;5251809206;"Tran Tien Cao Dang";0;"You will never know: How many lies your love has. There are negative eyes ...";"https://bookbuy.vn//Res/Images/Product/nhung-gap-go-khong-the-co_95231_1.jpg";"76,000";"2021-04-16";"Writers Association Publishing House";288;68;220;"The meeting cannot be";3
65;8448093341;"Le Hong Lam";0;"In society, people always motivate people to move forward, many of us fall into pressure ...";"https://bookbuy.vn//Res/Images/Product/su-luong-nan-cua-tinh-the-lam-nguoi_95225_1.jpg";"98,000";"2023-04-28";"Writers Association Publishing House";245;55;190;"The dilemma of the situation is human";3
66;1041790517;"Makoto Shichida Sakura Mai Nguyen";0;"Just one question, why did the old wound seem to have healed so hard ...";"https://bookbuy.vn//Res/Images/Product/7-nghia-cu-cua-nguoi-lam-cha_95224_1.jpg";"250,000";"2023-07-16";"Kim Dong Publishing House";473;134;339;"7 Father's elections";3
67;3610243709;"Tanizaki junichiro";0;"Perhaps, it takes many years to realize, living a normal life is a non -...";"https://bookbuy.vn//Res/Images/Product/nhat-ky-gia-si_95223_1.jpg";"98,000";"2024-03-25";"Writers Association Publishing House";318;109;209;"Old Si Diary";3
68;6018977468;"Malala Yousafzai Kerascoët";0;"Youth, what we most abundant is time but what we need most is the spirit of dare to storm ...";"https://bookbuy.vn//Res/Images/Product/cay-but-mau-nhiem-cua-malala_95222_1.jpg";"45,000";"2020-03-09";"Kim Dong Publishing House";473;150;323;"Malala's magical pen";3
69;5145182366;"Hillary Rodham Clinton Marla Frist";0;"Poetry for broken hearts - Heart Talk ""Poetry for broken hearts (Heart Talk)"""" brings ...""";"https://bookbuy.vn//Res/Images/Product/can-ca-ngoi-lang_95221_1.jpg";"40,000";"2023-07-18";"Kim Dong Publishing House";491;119;372;"Need the whole village";3
70;1148643473;"Arundhati Roy";0;"Kittens are three for a bicycle wheel.What to do with the wheel?Turns out, just need to be ...";"https://bookbuy.vn//Res/Images/Product/bo-tot-cung-hanh-phuc_95219_1.png";"168,000";"2019-11-29";"Writers Association Publishing House";442;59;383;"The extremely happy set";3
71;8896348190;"Mai Van Phan";0;"Co To A Tieu is the Chinese author famous for his creative style with the ideology of technology ...";"https://bookbuy.vn//Res/Images/Product/thoi-tai-che_95218_1.jpg";"90,000";"2021-09-24";"Writers Association Publishing House";396;21;375;"Recycling";3
72;3241668577;"Toni Morrison";0;"Pilgrimage to manga and anime book 1 Manga and anime - Book 1: Introduce the overview of Dun ...";"https://bookbuy.vn//Res/Images/Product/nguon-goc-cua-ngoai-toc_95217_1.png";"86,000";"2022-08-23";"Writers Association Publishing House";443;164;279;"The origin of the pagan";3
73;6188799779;"Madeleine L’ Engle";0;"Summary of the prize: Newbery Medal 1963 is a stormy night.Meg Murry with E ...";"https://bookbuy.vn//Res/Images/Product/nep-gap-thoi-gian-the-graphic-novel_126136_1.jpg";"220,000";"2022-06-06";"Writers Association Publishing House";226;93;133;"The graphic novel - The Graphic Novel";4
74;4197007807;"Ichikawa takuji";0;"The two of them were silent for a while, I heard the ro ro sound of the compressor when blowing oxygen into the aquarium .....";"https://bookbuy.vn//Res/Images/Product/118829_neu-gap-nguoi-ay-cho-toi-gui-loi-chao_24934_1.jpg";"118,000";"2022-02-09";"Times Publishing House";395;140;255;"If I meet him, I will send greetings (Representation 2022)";4
75;4670829364;"Lam Lam";0;"At the age of seventeen, we easily vibrate in front of a special person, just a smile, one ...";"https://bookbuy.vn//Res/Images/Product/thanh-xuan-ay-minh-da-tung-thuong_95835_1.PNG";"79,000";"2021-10-11";"Dan Tri Publishing House";353;122;231;"That youth I used to love";4
76;9903467878;"Ha Vu";0;"If only this life, as long as I love you is enough?Then love as much as you can love ...";"https://bookbuy.vn//Res/Images/Product/-don-phuong-anh-khong-thuong-em_95444_1.jpg";"69,000";"2021-12-04";"Hanoi Publishing House";305;25;280;"#Preptions-won't love you";4
77;7013350927;"Prosthetics";0;"The leading Chinese writer - Phung Ky Tai when asked: ""If you have to be on a island separated ...""";"https://bookbuy.vn//Res/Images/Product/phu-sinh-luc-ky_95250_1.jpg";"98,000";"2021-03-16";"Writers Association Publishing House";350;120;230;"Sinh Sinh Luc Ky";4
78;1268681697;"Ye careless optimism";0;"Human life is short, we always try to move forward, hopefully at the end of the road ...";"https://bookbuy.vn//Res/Images/Product/anh-khong-muon-de-em-mot-minh-tai-ban-2020-_95243_1.jpg";"89,000";"2023-02-19";"Literature Publishing House";260;166;94;"I don't want you to leave you alone (Reprinted 2020)";4
79;4490534997;"Kim Dai";0;"The day I met Ma Thien Ly again - the guy who sold pork, always poked a green nose, I even ...";"https://bookbuy.vn//Res/Images/Product/nha-co-chong-ngoan_95242_1.jpg";"146,000";"2019-07-13";"Literature Publishing House";233;173;60;"The house has a good husband";4
80;2252095350;"Tanizaki junichiro";0;"Violence is full of passion, humor and sarcasm, perverted but romantic ... Love is a big concentration point ...";"https://bookbuy.vn//Res/Images/Product/tinh-kho_95236_1.jpg";"98,000";"2021-01-18";"Writers Association Publishing House";219;97;122;"Love stupid";5
81;2333269671;"Diem Lien Khoa";0;"Another needle regenerated, in another space and with a different view.He separated the needle ...";"https://bookbuy.vn//Res/Images/Product/nang-kim-lien-o-tran-tay-mon_95233_1.jpg";"78,000";"2020-02-23";"Writers Association Publishing House";404;121;283;"Kim Lien in Tay Mon town";5
82;8180644364;"Tran Tien Cao Dang";0;"The indispensable encounters of Tran Tien Dang are the story of the meetings between Ran ...";"https://bookbuy.vn//Res/Images/Product/nhung-gap-go-khong-the-co_95231_1.jpg";"76,000";"2019-07-13";"Writers Association Publishing House";355;106;249;"The meeting cannot be";5
83;9866110367;"Le Hong Lam";0;"Thirty years after innovation and fifteen years from the private day occupied the film market and projection ...";"https://bookbuy.vn//Res/Images/Product/su-luong-nan-cua-tinh-the-lam-nguoi_95225_1.jpg";"98,000";"2019-10-22";"Writers Association Publishing House";397;139;258;"The dilemma of the situation is human";5
84;1309365725;"Tanizaki junichiro";0;"Having recovered from a stroke, the old Utsugi seventy -seven -year -old man shook hands to write a diary to record the fight ...";"https://bookbuy.vn//Res/Images/Product/nhat-ky-gia-si_95223_1.jpg";"98,000";"2019-11-20";"Writers Association Publishing House";240;151;89;"Old Si Diary";4
85;9253148160;"Malala Yousafzai Kerascoët";0;"The story is true about a girl wishing to have a better world.
When Malala was young and the number ...";"https://bookbuy.vn//Res/Images/Product/cay-but-mau-nhiem-cua-malala_95222_1.jpg";"45,000";"2023-09-08";"Kim Dong Publishing House";418;96;322;"Malala's magical pen";4
86;2113001650;"Hillary Rodham Clinton Marla Frist";0;"If the world is a village, join hands to build a village worth living for every child ...";"https://bookbuy.vn//Res/Images/Product/can-ca-ngoi-lang_95221_1.jpg";"40,000";"2021-05-12";"Kim Dong Publishing House";244;12;232;"Need the whole village";4
87;8185321460;"Arundhati Roy";0;"The ultimate happiness is an epic of the innovative Indian society: chaos, conflicts, violence, ...";"https://bookbuy.vn//Res/Images/Product/bo-tot-cung-hanh-phuc_95219_1.png";"168,000";"2023-07-26";"Writers Association Publishing House";341;94;247;"The extremely happy set";4
88;4233680871;"Mai Van Phan";0;"Mai Van Phan has been considered a typical poetic face of Vietnam in the past 20 years because of the efforts c ...";"https://bookbuy.vn//Res/Images/Product/thoi-tai-che_95218_1.jpg";"90,000";"2020-01-25";"Writers Association Publishing House";289;27;262;"Recycling";4
89;3018336237;"Toni Morrison";0;"The leading novelist in the United States explained the topics that are very current and increasingly reunited with ...";"https://bookbuy.vn//Res/Images/Product/nguon-goc-cua-ngoai-toc_95217_1.png";"86,000";"2022-05-11";"Writers Association Publishing House";323;26;297;"The origin of the pagan";4
90;4255753518;"Jonathan Davis Hyunjung Yu";0;"Numbers in English - The standard number of books is a book that can help readers as well as express numbers and ...";"https://bookbuy.vn//Res/Images/Product/number-in-english-cach-noi-so-chuan-trong-1001-tinh-huong-thuong-ngay-_128685_1.jpg";"159,000";"2020-05-09";"World Publishing House";351;60;291;"Number in English - The standard number of status in 1001 usual situations (Practice listening - Talk to mp3 file)";4
91;6409036430;"Land of words";0;"No matter where you are: Vietnamese - Korean bilingual books ""melt all hearts"""" of the special point of ...""";"https://bookbuy.vn//Res/Images/Product/ben-ban-du-ban-o-noi-dau_128582_1.png";"99,000";"2020-04-22";"Dan Tri Publishing House";302;138;164;"With you wherever you are";4
92;3055811795;"Khuong Le Binh";0;"Full set of 18 fake books: Khuong Le Binh Publishes Ho Chi Minh City Publication Page: 3064 Publishing: 2020 DU ...";"https://bookbuy.vn//Res/Images/Product/sach-tron-bo-18-cuon-giao-trinh-chuan-hsk-1-2-3-4-5-6-sach-bai-hoc-va-bai-tap_128557_1.jpeg";"168,000";"2022-07-20";"Ho Chi Minh City General Publishing House";414;29;385;"Full set of 18 standard textbooks HSK 1 to HSK 6 - Lesson book and exercise";4
93;5984764697;"Viet Le";0;"Learning foreign languages is very important in the current globalization trend.The most need is probably still ...";"https://bookbuy.vn//Res/Images/Product/127945_ngoai-ngu-kho-day-nhung-ban-tu-hoc-duoc-bi-quyet-tu-hoc-chinh-phuc-anh-ngu-song-trung_127942_1.jpg";"268,000";"2024-04-01";"World Publishing House";472;86;386;"Foreign language is difficult, but you can self -study: The secret to self -study conquered English song";6
94;9505167568;"Viet Le";0;"Learning foreign languages is very important in the current globalization trend.The most need is probably still ...";"https://bookbuy.vn//Res/Images/Product/ngoai-ngu-kho-day-nhung-ban-tu-hoc-duoc-bi-quyet-tu-hoc-chinh-phuc-anh-ngu-song-trung_127942_1.jpg";"85,000";"2020-10-17";"World Publishing House";260;146;114;"[Bilingual book] Foreign language is difficult";6
95;9850831775;"AOTS - The Association for Overseas Technical Scholarship";0;"Hiragana -Katakana self -study book - Learn through listening and writing - Vietnamese version of self -study alphabet ...";"https://bookbuy.vn//Res/Images/Product/sach-tu-hoc-hiragana-katakana-hoc-thong-qua-nghe-va-viet-_127854_1.jpg";"96,000";"2024-01-24";"Young Publishing House";475;58;417;"Hiragana -Katakana self -study book - Learn through listening and writing";6
96;9263294463;"Trang Anh";0;"In English, there are countless verbs, each verb can combine with a lot of small words to create a lot of different meanings.Therefore, .....";"https://bookbuy.vn//Res/Images/Product/chinh-phuc-cum-dong-tu-tieng-anh_127761_2.jpg";"198,000";"2021-05-07";"Hanoi National University Publishing House";229;157;72;"Conquer English verb phrases";4
97;8429081925;"Khuong Le Binh";0;"DIVIED INTO 6 Levels With A Total of 18 Books, The HSK Standard Curriculum has the following outSures ...";"https://bookbuy.vn//Res/Images/Product/giao-trinh-chuan-hsk-1-tai-ban-2023-_125372_1.jpg";"320,000";"2021-06-22";"General Ho Chi Minh City";241;12;229;"Standard Curriculum HSK 1 (Representing 2023)";4
98;5833939561;"Nguyen Thanh Yen";0;"This book uses a thinking diagram to systematically present 2,000 popular English words at ...";"https://bookbuy.vn//Res/Images/Product/hoc-2000-tu-tieng-anh-huu-ich-bang-so-do-tu-duy_125289_1.jpg";"80,000";"2022-05-24";"Ho Chi Minh City General Publishing House";329;104;225;"Learn 2000 useful English words with thinking diagrams";4
99;4704502522;"Thanh Tung Nguyen";0;"“I am very happy when you are holding this book.This book records my personal journey ...";"https://bookbuy.vn//Res/Images/Product/uoc-vong-ve-quoc-gia-lap-trinh-tu-tieng-anh-den-tieng-_125263_1.jpg";"109,000";"2020-03-25";"Young Publishing House";492;180;312;"Desires of programming country: from English to code";4
100;3704924155;"Maëva Courtois";0;"Learning English with TV Series - Practice speaking proficiently with ""matte"""" in English if I buried my head ...""";"https://bookbuy.vn//Res/Images/Product/learning-english-with-tv-series-luyen-noi-thanh-thao-cung--phim-tieng-anh_124092_1.jpg";"259,000";"2022-01-21";"World Publishing House";347;61;286;"Learning English with TV Series - Practice speaking proficiently with ""English"""" films""";4
101;8816250360;"YBM TOEIC R&D";0;"YBM TOEIC Listening 1000 is a series of books that help learners self -study for the listening test of the TOEIC test ....";"https://bookbuy.vn//Res/Images/Product/ybm-toeic-listening-1000-vol-2-tai-ban-2023-_124037_1.jpg";"259,000";"2019-12-25";"Dan Tri Publishing House";364;6;358;"YBM TOEIC Listening 1000 - Vol 2 (Representing 2023)";4
102;7035040769;"YBM TOEIC R&D";0;"YBM TOEIC Listening 1000 is a series of books that help learners self -study for the listening test of the TOEIC test ....";"https://bookbuy.vn//Res/Images/Product/ybm-toeic-listening-1000-vol-1-tai-ban-2023-_124036_1.jpg";"290,000";"2019-09-26";"Dan Tri Publishing House";212;96;116;"YBM TOEIC Listening 1000 - Vol 1 (Representing 2023)";4
103;6144107101;"Komaki Michiko";0;"Currently, the relationship between Vietnam and Japan is growing rapidly in all aspects, especially ...";"https://bookbuy.vn//Res/Images/Product/tieng-nhat-cong-nghe-thong-tin-hoi-thoai-trong-du-an-phan-mem_123585_1.jpg";"189,000";"2020-04-10";"World Publishing House";409;57;352;"Japanese information technology: Conversation in software projects";4
104;5392598853;"Nguyen Thuy";0;"Learning Japanese is a very developed trend today, studying Japanese not only to study abroad or ...";"https://bookbuy.vn//Res/Images/Product/giao-trinh-tieng-nhat-so-cap-tap-2-shin-nihongo-no-kiso-ii_123303_1.jpg";"142,000";"2022-06-13";"Hong Duc Publishing House";400;5;395;"Primary Japanese curriculum (Episode 2) - Shin Nihongo No Kiso II";4
105;8872073292;"Nguyen Thuy";0;"This book is an explanation for Shin Nihongo No Kiso II.This book was composed ...";"https://bookbuy.vn//Res/Images/Product/giao-trinh-tieng-nhat-so-cap-tap-1_123302_1.jpg";"40,000";"2020-06-22";"Hong Duc Publishing House";268;107;161;"Primary Japanese curriculum - Episode 1";4
106;7548293481;"Nguyen Thuy";0;"This book is an explanation for Shin Nihongo No Kiso II.This book was composed ...";"https://bookbuy.vn//Res/Images/Product/giao-trinh-tieng-nhat-so-cap-tap-2-shin-nihongo-no-kiso-ii-giai-thich-van-pham-bang-tieng-viet-_123301_1.jpg";"75,000";"2023-07-07";"Times Publishing House";403;8;395;"Primary Japanese curriculum (Episode 2 - Shin Nihongo No Kiso II (Explain Van Pham in Vietnamese)";4
107;3202316499;"Bruce Bryans";0;"Updating ...";"https://bookbuy.vn//Res/Images/Product/red-flag-trong-tinh-yeu_133208_1.jpg";"149,000";"2020-05-03";"Labor Publishing House";316;93;223;"Red Flag in love";14
108;5947498830;"Tuyet Mai An Soai";0;"Updating ...";"https://bookbuy.vn//Res/Images/Product/vat-va-4-nam-hay-40-nam-bi-kip-chinh-phuc-4-nam-dai-hoc_133207_1.jpg";"148,000";"2023-09-17";"Literature Publishing House";365;19;346;"Hard 4 years or 40 years?- The secret to conquering 4 years of college";14
109;1225430939;"Vanessa Marin Xander Marin";0;"Updating ...";"https://bookbuy.vn//Res/Images/Product/sex-talk-tro-chuyen-khi-yeu-_131183_1.jpg";"165,000";"2022-01-07";"Thanh Nien Publishing House";450;28;422;"Sex Talk - Chat when love";14
110;1671837745;"Dang Hong Quan Truong Han";0;"Updating ...";"https://bookbuy.vn//Res/Images/Product/tam-ly-hoc-that-ky-dieu_131182_1.jpg";"210,000";"2020-11-05";"Women's Publishing House";410;47;363;"Psychology is miraculous";14
111;1573700159;"Bruce Bryans";0;"Updating ...";"https://bookbuy.vn//Res/Images/Product/tha-muon-nhung-dung-nguoi_131152_1.png";"129,000";"2022-07-11";"Labor Publishing House";403;107;296;"It is better to be late but the right people";14
112;7264230319;"Karen Forshaw Chrissie Mowbay";0;"Updating ...";"https://bookbuy.vn//Res/Images/Product/vuon-len-tu-nghich-canh-ren-tinh-kien-cuong-moi-ngay_131150_1.jpg";"154,000";"2023-12-21";"Young Publishing House";285;40;245;"Reaching from adversity - Forging daily resilience";14
113;2693056083;"Thai To Yen";0;"Updating ...";"https://bookbuy.vn//Res/Images/Product/ban-co-hieu-nham-ve-nguoi-than-yeu-khong-_131139_1.jpg";"99,000";"2021-05-08";"World Publishing House";375;109;266;"Do you misunderstand your loved one?";13
114;1969026091;"Rainer Zitelmann";0;"Updating ...";"https://bookbuy.vn//Res/Images/Product/song-manh-liet-chung-ta-co-the-hoc-duoc-gi-tu-nhung-nguoi-khuyet-tat-thanh-cong-_131130_1.JPG";"186,000";"2019-05-14";"Women's Publishing House";244;188;56;"Live intensely - What can we learn from people with disabilities succeed?";14
115;8253567537;"Many authors";0;"Updating ...";"https://bookbuy.vn//Res/Images/Product/15-bi-kip-thich-nghi-va-thang-tien-noi-lam-viec-moi_130041_1.jpg";"99,000";"2022-12-15";"Dan Tri Publishing House";386;103;283;"The destroy words";13
116;3821813250;"James Innes";0;"Updating ...";"https://bookbuy.vn//Res/Images/Product/15-bi-kip-thich-nghi-va-thang-tien-noi-lam-viec-moi_130041_1.jpg";"139,000";"2022-05-18";"Industry and Trade Publishing House";309;176;133;"15 tips to adapt and promote new workplace";14
117;5895953438;"Zoe McKey";0;"Updating ...";"https://bookbuy.vn//Res/Images/Product/lang-nghe-dua-tre-ben-trong_130011_1.jpg";"149,000";"2022-02-05";"Labor Publishing House";266;67;199;"Listen to the child inside";13
118;1472431942;"Theresa Cheung";0;"Updating ...";"https://bookbuy.vn//Res/Images/Product/21-nghi-thuc-thay-doi-cuoc-doi-21-rituals-to-change-your-life_129998_1.jpg";"128,000";"2019-06-08";"Hong Duc Publishing House";228;40;188;"21 Ritual of Life Change - 21 Rituals To Change Your Life";14
119;7905096663;"Truong Tung Huy";0;"Updating ...";"https://bookbuy.vn//Res/Images/Product/giai-ma-van-menh-chia-khoa-de-hieu-ro-so-phan_129994_1.jpg";"168,000";"2020-02-09";"Hong Duc Publishing House";293;67;226;"Decoding destiny - the key to understand fate";14
120;1479712810;"Jang Hongan";0;"Updating ...";"https://bookbuy.vn//Res/Images/Product/dung-de-ban-than-mac-ket-trong-giac-mo-nguoi-khac_128946_1.jpg";"79,000";"2019-11-28";"Thanh Nien Publishing House";352;114;238;"Do not let yourself be trapped in the dream of others";13
121;7110365704;"Ha Van Phuong";0;"Updating ...";"https://bookbuy.vn//Res/Images/Product/thong-minh-mac-loi-thong-minh_128902_1.jpg";"118,000";"2022-12-01";"World Publishing House";438;175;263;"Smart Making Smart mistakes";14
122;7147187992;"Jung Wooyul";0;"Updating ...";"https://bookbuy.vn//Res/Images/Product/dau-co-met-moi-cung-dung-dua-dam-vao-nguoi-khac_128901_1.jpg";"96,000";"2023-12-17";"Literature Publishing House";209;129;80;"Although tired, do not rely on others";14
123;5800507130;"Mike Berners-Lee";0;"Updating ...";"https://bookbuy.vn//Res/Images/Product/khi-su-song-khong-co-du-phong_128900_1.jpg";"158,000";"2021-09-17";"World Publishing House";325;142;183;"When life has no backup";14
124;7923834856;"Chris Miller";0;"Updating ...";"https://bookbuy.vn//Res/Images/Product/chip-war-cuoc-chien-vi-mach_128898_1.jpg";"300,000";"2020-11-03";"World Publishing House";266;38;228;"Chip War - Micro -War";14
125;8456793794;"Many authors";0;"The 3 -episode office comic series is very popular !!! Todoroki oto (30 years old) has a hobby of sound ...";"https://bookbuy.vn//Res/Images/Product/dong-nghiep-cho-toi-hut-mat-qua-troi-tap-3_130115_1.jpg";"35,000₫";"2023-05-19";"Kim Dong Publishing House";315;130;185;"My colleagues where my eyes were so eye -catching!- Chap 3";8
126;4028491403;"Many authors";0;"The 3 -episode office comic series is very popular !!! Todoroki oto (30 years old) has a hobby of sound ...";"https://bookbuy.vn//Res/Images/Product/dong-nghiep-cho-toi-hut-mat-qua-troi-tap-2_130108_1.jpg";"35,000₫";"2022-09-01";"Kim Dong Publishing House";208;163;45;"My colleagues where my eyes were so eye -catching!- Episode 2";8
127;8523392359;"Many authors";0;"Buy books online at Bookbuy.vn and receive many incentives.";"https://bookbuy.vn//Res/Images/Product/su-gia-bon-mua-vu-dieu-mua-xuan-tap-1_130096_1.jpg";"125,000₫";"2021-03-15";"Kim Dong Publishing House";213;125;88;"Four Seasons Messenger - Spring Dance - Episode 1";8
128;4130753172;"Many authors";0;"The 3 -episode Funny Office Comic series is very popular !!! Todoroki oto (30 years old) is a wise person ...";"https://bookbuy.vn//Res/Images/Product/dong-nghiep-cho-toi-hut-mat-qua-troi-tap-1_130091_1.jpg";"35,000₫";"2021-01-05";"Kim Dong Publishing House";280;141;139;"My colleagues where my eyes were so eye -catching!- Episode 1";8
129;7563206773;"Cauliflower";0;"Buy books online at Bookbuy.vn and receive many incentives.";"https://bookbuy.vn//Res/Images/Product/combo-vu-tru-comic-strip-tap-1-2-3-comic-strip_124145_1.jpg";"89,000₫";"2019-09-08";"Literature Publishing House";395;28;367;"Comic Strip space combo episode 1+2+3 comic strip";9
130;9134533903;"Yoshito Usui";0;"First released in 1992, the series soon resonated with Japanese readers and N ...";"https://bookbuy.vn//Res/Images/Product/shin-cau-be-but-chi-tap-36-tai-ban-2023-_123618_1.jpg";"25,000₫";"2021-06-04";"Kim Dong Publishing House";387;181;206;"Shin - Pencil Boy - Episode 36 (Representation 2023)";8
131;6642902870;"Yoshito Usui";0;"First released in 1992, the series soon resonated with Japanese readers and N ...";"https://bookbuy.vn//Res/Images/Product/shin-cau-be-but-chi-tap-35-tai-ban-2023-_123617_1.jpg";"25,000₫";"2020-10-27";"Kim Dong Publishing House";334;37;297;"Shin - Pencil Boy - Episode 35 (Representation 2023)";8
132;7411822348;"Yoshito Usui";0;"First released in 1992, the series soon resonated with Japanese readers and N ...";"https://bookbuy.vn//Res/Images/Product/shin-cau-be-but-chi-tap-44-tai-ban-2023-_123616_1.jpg";"25,000₫";"2020-12-16";"Kim Dong Publishing House";379;170;209;"Shin - Pencil Boy - Episode 44 (Representation 2023)";8
133;9225789311;"Yoshito Usui";0;"First released in 1992, the series soon resonated with Japanese readers and N ...";"https://bookbuy.vn//Res/Images/Product/shin-cau-be-but-chi-tap-49-tai-ban-2023-_123614_1.jpg";"25,000₫";"2019-07-07";"Kim Dong Publishing House";464;162;302;"Shin - Pencil Boy - Episode 49 (Representation 2023)";9
134;6960230985;"Yoshito Usui";0;"First released in 1992, the series soon resonated with Japanese readers and N ...";"https://bookbuy.vn//Res/Images/Product/shin-cau-be-but-chi-tap-50-tai-ban-2023-_123613_1.jpg";"25,000₫";"2022-09-19";"Kim Dong Publishing House";356;7;349;"Shin - Pencil Boy - Episode 50 (Representing 2023)";8
135;5820813811;"Yoshito Usui";0;"First released in 1992, the series soon resonated with Japanese readers and N ...";"https://bookbuy.vn//Res/Images/Product/shin-cau-be-but-chi-tap-38-tai-ban-2023-_123611_1.jpg";"25,000₫";"2023-11-01";"Kim Dong Publishing House";419;48;371;"Shin - Pencil Boy - Episode 38 (Representation 2023)";8
136;5601476362;"Yoshito Usui";0;"First released in 1992, the series soon resonated with Japanese readers and N ...";"https://bookbuy.vn//Res/Images/Product/shin-cau-be-but-chi-tap-42-tai-ban-2023-_123610_1.jpg";"25,000₫";"2022-07-10";"Kim Dong Publishing House";382;22;360;"Shin - Pencil Boy - Episode 42 (Representation 2023)";8
137;8762066233;"Yoshito Usui";0;"First released in 1992, the series soon resonated with Japanese readers and N ...";"https://bookbuy.vn//Res/Images/Product/shin-cau-be-but-chi-tap-27-tai-ban-2023-_123609_1.jpg";"25,000₫";"2021-10-11";"Kim Dong Publishing House";310;135;175;"Shin - Pencil Boy - Episode 27 (Republic of 2023)";8
138;1150353467;"Yoshito Usui";0;"First released in 1992, the series soon resonated with Japanese readers and N ...";"https://bookbuy.vn//Res/Images/Product/shin-cau-be-but-chi-tap-25-tai-ban-2023-_123608_1.jpg";"25,000₫";"2023-03-05";"Kim Dong Publishing House";410;6;404;"Shin - Pencil Boy - Episode 25 (Representation 2023)";8
139;9070456010;"Yoshito Usui";0;"First released in 1992, the series soon resonated with Japanese readers and N ...";"https://bookbuy.vn//Res/Images/Product/shin-cau-be-but-chi-tap-24-tai-ban-2023-_123606_1.jpg";"25,000₫";"2020-11-12";"Kim Dong Publishing House";437;42;395;"Shin - Pencil Boy - Episode 24 (Representing 2023)";8
140;1529134685;"Yoshito Usui";0;"First released in 1992, the series soon resonated with Japanese readers and N ...";"https://bookbuy.vn//Res/Images/Product/shin-cau-be-but-chi-tap-23-tai-ban-2023-_123605_1.jpg";"25,000₫";"2020-08-21";"Kim Dong Publishing House";420;136;284;"Shin - Pencil Boy - Episode 23 (Representing 2023)";9
141;4664618921;"Yoshito Usui";0;"First released in 1992, the series soon resonated with Japanese readers and N ...";"https://bookbuy.vn//Res/Images/Product/shin-cau-be-but-chi-tap-20-tai-ban-2023-_123603_1.jpg";"25,000₫";"2020-03-13";"Kim Dong Publishing House";409;173;236;"Shin - Pencil Boy - Episode 20 (Representation 2023)";8
142;8687495553;"Yoshito Usui";0;"First released in 1992, the series soon resonated with Japanese readers and N ...";"https://bookbuy.vn//Res/Images/Product/shin-cau-be-but-chi-tap-18-tai-ban-2023-_123602_1.jpg";"25,000₫";"2024-05-11";"Kim Dong Publishing House";495;196;299;"Shin - Pencil Boy - Episode 18 (Representation 2023)";8
143;7059085151;"T.";0;"Updating ...";"https://bookbuy.vn//Res/Images/Product/noi-nhung-giac-mo-khong-bao-gio-ket-thuc_127807_3.jpeg";"114,500₫";"2023-06-07";"Literature Publishing House";402;68;334;"Where dreams never end";7
144;9436733656;"The editor of Chartwell Books";0;"Updating ...";"https://bookbuy.vn//Res/Images/Product/to-mau-tarot-to-mau-theo-cach-cua-ban-de-khai-mo-truc-giac-dieu-ky_126583_1.jpg";"97,500₫";"2021-08-29";"World Publishing House";329;87;242;"Tarot coloring - Coloring your way to open the magic intuition";7
145;3542591825;"Mac Ky Doanh";0;"Updating ...";"https://bookbuy.vn//Res/Images/Product/khu-vuon-chiem-tinh-sach-to-mau-12-chom-sao_126283_2.jpg";"101,000₫";"2021-03-04";"World Publishing House";374;119;255;"Astrology Garden - Coloring book 12 constellations";7
146;6951094379;"Scoop";0;"Updating ...";"https://bookbuy.vn//Res/Images/Product/o-tiem-banh-ngay-mai_120975_1.jpg";"97,500₫";"2022-02-23";"Dan Tri Publishing House";371;9;362;"At the bakery tomorrow";10
147;4693738997;"Kulzsc";0;"Updating ...";"https://bookbuy.vn//Res/Images/Product/yeu-nhung-ngay-nang-chang-ghet-nhung-ngay-mua_120431_1.jpg";"112,000₫";"2021-03-14";"Vietnamese Women's Publishing House";348;185;163;"Love the sunny days does not hate rainy days";7
148;6363014674;"Yaya";0;"Updating ...";"https://bookbuy.vn//Res/Images/Product/mi-nu-hoa-nghe-thuat-ve-mau-nuoc-co-trang_115752_1.jpg";"152,000₫";"2023-08-21";"Kim Dong Publishing House";436;169;267;"Flower Female - Art of ancient watercolor";7
149;9770595259;"Kulzsc";0;"Updating ...";"https://bookbuy.vn//Res/Images/Product/to-binh-yen-ve-hanh-phuc_108612_1.jpg";"74,500₫";"2021-01-04";"Vietnamese Women's Publishing House";487;53;434;"To Binh Yen painted happiness (reprint 2022)";10
150;3683939111;"Thien Nha";0;"Updating ...";"https://bookbuy.vn//Res/Images/Product/postcard-to-mau-bao-nho_66477_1.jpg";"21,000₫";"2023-10-24";"Young Publishing House";368;163;205;"Coloring postcard - Missing";7
151;3536712254;"Beverley Lawson";0;"Updating ...";"https://bookbuy.vn//Res/Images/Product/tuyet-ky-to-mau-vu-tru-giao-thoa_51442_1.jpg";"57,500₫";"2021-01-04";"Dan Tri Publishing House";372;31;341;"Great color technique - interference universe";7
152;6743142314;"Irene Ritonga";0;"Updating ...";"https://bookbuy.vn//Res/Images/Product/sach-to-mau-ngay-xua-ngay-xua_51231_1.jpg";"41,500₫";"2022-08-11";"Cultural - Art Publishing House";461;22;439;"Coloring books: Once upon a time";7
153;5741135185;"Bao Huyen";0;"Updating ...";"https://bookbuy.vn//Res/Images/Product/sach-to-mau-truyen-kieu-nghe-thuat-sac-mau-va-kiet-tac-van-chuong_50706_5.jpg";"79,000₫";"2020-10-24";"Dan Tri Publishing House";343;23;320;"Coloring books: Story of Kieu - Color Art and Literature masterpiece";7
154;4095814178;"Good Wives & Warriors";0;"Updating ...";"https://bookbuy.vn//Res/Images/Product/-tron-vao-xu-so-dieu-ky_50370_1.jpg";"56,500₫";"2022-11-03";"World Publishing House";262;168;94;"Coloring books: hiding into the wonderful country";7
155;5103260564;"Peter Gray";0;"Updating ...";"https://bookbuy.vn//Res/Images/Product/chim-muong-sach-to-mau-danh-cho-moi-lua-tuoi-_49000_1.jpg";"58,500₫";"2023-08-21";"Dan Tri Publishing House";440;12;428;"Colored book set for all ages - birds";7
156;1270211382;"Arcturus";0;"Updating ...";"https://bookbuy.vn//Res/Images/Product/co-cay-sach-to-mau-danh-cho-moi-lua-tuoi-_48999_1.jpg";"58,500₫";"2020-06-15";"Dan Tri Publishing House";234;72;162;"Colored book set for all ages - Trees";7
157;3726164170;"Arcturus";0;"Updating ...";"https://bookbuy.vn//Res/Images/Product/buom-buom-sach-to-mau-danh-cho-moi-lua-tuoi-_48998_1.jpg";"58,500₫";"2020-11-05";"Dan Tri Publishing House";403;37;366;"Colored book set for all ages - Butterfly";7
158;5062806274;"Peter Gray";0;"Updating ...";"https://bookbuy.vn//Res/Images/Product/bo-sach-to-mau-danh-cho-moi-lua-tuoi-hoa-co_48917_1.jpg";"58,500₫";"2021-12-09";"Dan Tri Publishing House";251;7;244;"Coloring book set for all ages - Flowers";7
159;7615120208;"Arcturus";0;"Updating ...";"https://bookbuy.vn//Res/Images/Product/bo-sach-to-mau-danh-cho-moi-lua-tuoi-vuon-xinh_48916_1.jpg";"58,500₫";"2023-04-30";"Dan Tri Publishing House";230;162;68;"Colored book set for all ages - Beautiful garden";7
160;3729961487;"Arcturus";0;"Updating ...";"https://bookbuy.vn//Res/Images/Product/bo-sach-to-mau-danh-cho-moi-lua-tuoi-co-cay_48915_1.jpg";"58,500₫";"2020-07-24";"Dan Tri Publishing House";441;174;267;"Colored book set for all ages - Trees";7
161;4339850918;"Bruce Bryans";0;"Updating ...";"https://bookbuy.vn//Res/Images/Product/doc-vi-tam-ly-dan-ong_133220_1.jpg";"126,500";"2022-01-05";"Dan Tri Publishing House";296;98;198;"Read the psychology of men";12
162;9113499995;"Bruce Bryans";0;"Updating ...";"https://bookbuy.vn//Res/Images/Product/red-flag-trong-tinh-yeu_133208_1.jpg";"126,500";"2024-02-08";"Labor Publishing House";340;96;244;"Red Flag in love";12
163;1212266512;"Tuyet Mai An Soai";0;"Updating ...";"https://bookbuy.vn//Res/Images/Product/vat-va-4-nam-hay-40-nam-bi-kip-chinh-phuc-4-nam-dai-hoc_133207_1.jpg";"125,500";"2021-05-02";"Literature Publishing House";300;199;101;"Hard 4 years or 40 years?- The secret to conquering 4 years of college";12
164;1570080170;"Pham Thanh Tam";0;"Updating ...";"https://bookbuy.vn//Res/Images/Product/ki-niem-70-nam-chien-thang-dien-bien-phu-ki-hoa-trong-chien-hao_132201_1.jpg";"140,000";"2019-12-23";"Kim Dong Publishing House";204;179;25;"Celebrating the 70th anniversary of the victory of Dien Bien Phu - sketching in trenches";12
165;6470304250;"Summon";0;"Updating ...";"https://bookbuy.vn//Res/Images/Product/tran-chien-10-nam-truoc-cuoc-doi-10-nam-sau_132200_1.jpg";"109,500";"2021-06-25";"World Publishing House";302;50;252;"Battle 10 years ago, life 10 years later";12
166;3897198286;"Vanessa Marin Xander Marin";0;"Updating ...";"https://bookbuy.vn//Res/Images/Product/sex-talk-tro-chuyen-khi-yeu-_131183_1.jpg";"140,000";"2022-11-27";"Thanh Nien Publishing House";327;78;249;"Sex Talk - Chat when ""love""""""";12
167;9565477627;"Dang Hong Quan Truong Han";0;"Updating ...";"https://bookbuy.vn//Res/Images/Product/tam-ly-hoc-that-ky-dieu_131182_1.jpg";"178,500";"2021-05-20";"Women's Publishing House";330;103;227;"Psychology is miraculous";12
168;7076766086;"Huu Mai";0;"Updating ...";"https://bookbuy.vn//Res/Images/Product/hoa-ban-do_131156_1.jpg";"63,500";"2021-02-16";"Young Publishing House";497;48;449;"Red rash";12
169;7631161450;"Karen Forshaw Chrissie Mowbay";0;"Updating ...";"https://bookbuy.vn//Res/Images/Product/vuon-len-tu-nghich-canh-ren-tinh-kien-cuong-moi-ngay_131150_1.jpg";"130,500";"2023-11-21";"Young Publishing House";367;33;334;"Reaching from adversity - Forging daily resilience";12
170;2695884188;"Pham Thanh Tam";0;"Updating ...";"https://bookbuy.vn//Res/Images/Product/ki-hoa-trong-chien-hao_131148_1.jpg";"140,000";"2024-03-17";"Kim Dong Publishing House";476;144;332;"Sketches in trenches";12
171;1816994703;"Thai To Yen";0;"Updating ...";"https://bookbuy.vn//Res/Images/Product/ban-co-hieu-nham-ve-nguoi-than-yeu-khong-_131139_1.jpg";"84,000";"2020-09-20";"World Publishing House";414;18;396;"Do you misunderstand your loved one?";12
172;8534414892;"Rainer Zitelmann";0;"Updating ...";"https://bookbuy.vn//Res/Images/Product/song-manh-liet-chung-ta-co-the-hoc-duoc-gi-tu-nhung-nguoi-khuyet-tat-thanh-cong-_131130_1.JPG";"158,000";"2019-10-01";"Women's Publishing House";380;72;308;"Live intensely - What can we learn from people with disabilities succeed?";12
173;3438063426;"Huu Mai";0;"Updating ...";"https://bookbuy.vn//Res/Images/Product/dien-bien-phu-thoi-gian-va-khong-_130031_1.jpg";"59,500";"2022-04-21";"Young Publishing House";268;5;263;"Dien Bien Phu - Time and Space";12
174;3459499731;"Huu Mai";0;"Updating ...";"https://bookbuy.vn//Res/Images/Product/nguoi-tho-chua-dong-ho-tai-duong-ham-so-1_130029_1.jpg";"25,500";"2023-04-08";"Kim Dong Publishing House";486;176;310;"Watcher at the tunnel No. 1";12
175;6718904155;"Ho Phuong";0;"Updating ...";"https://bookbuy.vn//Res/Images/Product/130028_chuyen-o-doi-a1_130025_1.jpg";"34,000";"2021-12-13";"Kim Dong Publishing House";221;42;179;"Red standard flag A1";12
176;3563836079;"Nguyen Tan";0;"Updating ...";"https://bookbuy.vn//Res/Images/Product/chuyen-o-doi-a1_130025_1.jpg";"34,000";"2021-07-14";"Kim Dong Publishing House";266;42;224;"Story in hill A1";12
177;4541397057;"Zoe McKey";0;"Updating ...";"https://bookbuy.vn//Res/Images/Product/lang-nghe-dua-tre-ben-trong_130011_1.jpg";"126,500";"2022-12-15";"Labor Publishing House";306;9;297;"Listen to the child inside";12
178;8128849235;"Theresa Cheung";0;"Updating ...";"https://bookbuy.vn//Res/Images/Product/21-nghi-thuc-thay-doi-cuoc-doi-21-rituals-to-change-your-life_129998_1.jpg";"108,500";"2020-05-25";"Hong Duc Publishing House";342;160;182;"21 Ritual of Life Change - 21 Rituals To Change Your Life";12
179;5029101085;"Erin Meyer";0;"There is a view that we are all of the same species.In this sense, regardless of whether we come from ...";"https://bookbuy.vn//Res/Images/Product/so-do-khac-biet-van-hoa-_128899_1.jpg";"102,000";"2022-02-09";"Kim Dong Publishing House";340;49;291;"Cultural difference diagram";11
180;8401788765;"Sue Graves Desideria Guicrdini";0;"Children are often difficult to comply with rules and rules.They always want to know: Why dont you ...";"https://bookbuy.vn//Res/Images/Product/hieu-ve-cam-xuc-va-hanh-vi-cua-tre-con-khong-thich-nhuong-hieu-va-giup-tre-biet-chia-se-_128839_1.jpg";"50,000";"2023-03-03";"Dan Tri Publishing House";347;32;315;"Understand and help children comply with the rules - why don't you do that?";11
181;8676424081;"Sue Graves Desideria Guicrdini";0;"Children are not always ready to share toys.And it is the feeling of injury when not ...";"https://bookbuy.vn//Res/Images/Product/hieu-ve-cam-xuc-va-hanh-vi-cua-tre-con-khong-thich-nhuong-hieu-va-giup-tre-biet-chia-se-_128838_1.jpg";"50,000";"2022-02-13";"Dan Tri Publishing House";241;160;81;"Understand the emotions and behaviors of children - I don't like to yield!(Understand and help children share)";11
182;1577224700;"Sue Graves Desideria Guicrdini";0;"Children are easily scared and worried, especially if they have bad experiences before. Ruby is afraid of dogs, and ...";"https://bookbuy.vn//Res/Images/Product/hieu-va-giup-tre-dung-cam-con-khong-so-ti-nao_128837_1.jpg";"50,000";"2022-06-28";"Dan Tri Publishing House";262;114;148;"Understand and help children brave - I'm not afraid at all";11
183;8592606902;"Sue Graves Desideria Guicrdini";0;"Understand and help children honestly - its not children!";"https://bookbuy.vn//Res/Images/Product/hieu-va-giup-tre-trung-thuc-khong-phai-con-lam-dau-_128836_1.jpg";"50,000";"2022-11-27";"Dan Tri Publishing House";234;10;224;"Understand and help children honestly - not children!";11
184;8861352195;"Hai Anh";0;"Living is a story about a mother telling her daughter about the time she lived in the battlefield in C ...";"https://bookbuy.vn//Res/Images/Product/song-bia-cung_128715_1.jpg";"161,500";"2022-06-06";"Kim Dong Publishing House";466;164;302;"Life - Cover";11
185;1300168010;"Many authors";0;"The Zoo and Botanical Garden is a dynamic and plants in Ho Chi Minh City.With an area of more than 20 hectares, ...";"https://bookbuy.vn//Res/Images/Product/thao-cam-vien-sai-gon-kho-bau-trong-long-thanh-pho_128539_1.jpg";"136,000";"2023-06-19";"Young Publishing House";225;118;107;"Saigon Zoo - Treasure in the heart of the city";11
186;9690120677;"Clive gifford";0;"A colorful world
Try imagine a world without color.It will be sad and dull ...";"https://bookbuy.vn//Res/Images/Product/nhung-mau-sac-lam-nen-lich-su-mau-sac-da-dinh-hinh-nen-van-minh-nhan-loai-nhu-the-nao_128536_1.jpg";"74,500";"2020-01-20";"Hanoi Publishing House";420;74;346;"The colors that make up history - the color have shown the human civilization wallpaper like";11
187;6164994089;"George Ivanoff";0;"Welcome to invite you to read!";"https://bookbuy.vn//Res/Images/Product/cam-nang-kham-pha-sieu-nhien_128429_1.jpg";"75,500";"2020-08-11";"World Publishing House";476;56;420;"Mute explore supernatural";11
188;6288422692;"Anna Claybourne";0;"Anytime, anywhere around us, everything is constantly changing.The day turned into night, and then the night ...";"https://bookbuy.vn//Res/Images/Product/van-vat-bien-doi_128379_1.jpg";"74,500";"2020-10-20";"Youth";281;165;116;"Everything changes";11
189;2781511756;"Katie Daynes";0;"Trees are in danger.
They need you to protect it. We?
Protect trees?
But c ...";"https://bookbuy.vn//Res/Images/Product/chung-ta-co-the-bao-ve-trai-dat-giai-cuu-cay-xanh_128377_2.jpg";"55,000";"2019-07-01";"Hanoi Publishing House";310;118;192;"Can we protect the earth?- Rescue trees";11
190;5216901277;"Katie Daynes";0;"You see, we used to live in extremely cold areas with giant ice drifting.";"https://bookbuy.vn//Res/Images/Product/chung-ta-co-the-bao-ve-trai-dat-giai-cuu-gau-bac-cuc_128376_1.jpg";"55,000";"2023-08-05";"Hanoi Publishing House";422;108;314;"Can we protect the earth?- Rescue polar bears";11
191;1907184812;"Katie Daynes";0;"Trees are in danger.
They need you to protect it. We?
Protect trees?
But c ...";"https://bookbuy.vn//Res/Images/Product/chung-ta-co-the-bao-ve-trai-dat-giai-cuu-cay-xanh_128375_1.jpg";"55,000";"2022-09-23";"Hanoi Publishing House";430;30;400;"Can we protect the earth?- Rescue trees";11
192;3725628565;"Jenny Jacoby Kim Hankinson";0;"Science and mathematics are the two fields at first listening are extremely difficult, tough but in fact l ...";"https://bookbuy.vn//Res/Images/Product/biet-doi-khoa-hoc-nap-o-dau-ung-dung-toan-hoc-giua-doi-thuong_128362_1.jpg";"56,000";"2022-06-12";"Women's Publishing House";489;109;380;"Where is the scientific team?- Application of mathematics in real life";11
193;6875976089;"Jenny Jacoby Kim Hankinson";0;"Science and mathematics are the two fields at first listening are extremely difficult, tough but in fact l ...";"https://bookbuy.vn//Res/Images/Product/biet-doi-khoa-hoc-nap-o-dau-ung-dung-khoa-hoc-giua-doi-thuong_128358_1.jpg";"56,000";"2023-12-30";"Women's Publishing House";418;144;274;"Where is the scientific team?- Application of science in real life";11
194;1698257636;"Geoff Waring";0;"A summer evening, the Oscar cat heard a strange sound in the pasture.He looked around to ...";"https://bookbuy.vn//Res/Images/Product/kham-pha-the-gioi-cung-meo-oscar-am-thanh_128317_1.jpg";"46,500";"2020-02-25";"Hanoi Publishing House";416;6;410;"Explore the world with Oscar cats - Sound";11
195;2603409086;"Geoff Waring";0;"One autumn day, while walking on the hill, the Oscar cat suddenly saw a circular object ...";"https://bookbuy.vn//Res/Images/Product/kham-pha-the-gioi-cung-meo-oscar-chuyen-dong_128316_1.jpg";"46,500";"2023-08-16";"Hanoi Publishing House";459;172;287;"Explore the world with Oscar cats - motion";11
196;3698539252;"Geoff Waring";0;"One spring day, on the edge of the pond, the Oscar cat saw the creatures that he had not seen ...";"https://bookbuy.vn//Res/Images/Product/kham-pha-the-gioi-cung-meo-oscar-su-sinh-truong_128315_1.jpg";"46,500";"2022-02-20";"Hanoi Publishing House";439;78;361;"Explore the world with Oscar cats - growth";11
