"id";"isbn";"author";"description";"image";"price";"published_date";"publisher";"quantity_import";"quantity_in_stock";"quantity_sold";"title";"category_id"
1;7044666889;"Saekisan hanekoto";"This description is updating, please wait for it. Thank you so much !!!";"https://bookbuy.vn//Res/Images/Product/thien-su-nha-ben-tap-8-5_133249_1.jpg";80.05;"2023-09-22";"Kim Dong Publishing House";363;97;266;"Angel of the side - Episode 8.5";1
2;4280748460;"Saekisan hanekoto";"This description is updating, please wait for it. Thank you so much !!!";"https://bookbuy.vn//Res/Images/Product/thien-su-nha-ben-tap-8_133247_1.jpg";80.05;"2023-09-15";"Kim Dong Publishing House";477;47;430;"Angel of the side - Episode 8";1
3;1785931917;"Saekisan hanekoto";"This description is updating, please wait for it. Thank you so much !!!";"https://bookbuy.vn//Res/Images/Product/thien-su-nha-ben-tap-7_133243_1.jpg";80.05;"2019-11-21";"Kim Dong Publishing House";322;116;206;"House Angel - Episode 7";1
4;8223302000;"Many authors";"This description is updating, please wait for it. Thank you so much !!!";"https://bookbuy.vn//Res/Images/Product/truyen-ngan-hien-dai-han-quoc-tieu-bieu-kien-cuong-trong-gian-kho_133234_1.jpg";15.53;"2021-10-07";"Young Publishing House";483;121;362;"Typical Korean short stories - resilient in difficult time";1
5;1539873779;"Uy Uy";"This description is updating, please wait for it. Thank you so much !!!";"https://bookbuy.vn//Res/Images/Product/ben-kia-ban-cau-co-nguoi-yeu-toi_133225_1.jpg";72.2;"2022-11-19";"Thanh Nien Publishing House";302;196;106;"The other side of the hemisphere has my lover";1
6;7310333883;"So Yun";"This description is updating, please wait for it. Thank you so much !!!";"https://bookbuy.vn//Res/Images/Product/mot-ngoi-sao-nho-cung-du-thap-sang-bau-troi-dem_133203_1.jpg";84.4;"2020-01-19";"Dan Tri Publishing House";376;85;291;"A small star is also enough to light the night sky";1
7;6127714587;"John Marrs";"This description is updating, please wait for it. Thank you so much !!!";"https://bookbuy.vn//Res/Images/Product/bong-toi-giua-chung-ta_132199_1.jpg";17.78;"2019-10-24";"Literature Publishing House";292;191;101;"The darkness between us";1
8;7036775691;"Think";"This description is updating, please wait for it. Thank you so much !!!";"https://bookbuy.vn//Res/Images/Product/cua-sinh-nghi-nam-gioi_131199_1.jpg";13.32;"2024-01-19";"Hanoi Publishing House";475;126;349;"Gate of birth - Thinking men";1
9;5995353839;"Mochi here";"This description is updating, please wait for it. Thank you so much !!!";"https://bookbuy.vn//Res/Images/Product/muoi-tam-hai-hai_131180_1.png";89.9;"2024-01-16";"Literature Publishing House";315;89;226;"Eighteen two two";1
10;1150866525;"Chaiyapat tongkambunjong";"This description is updating, please wait for it. Thank you so much !!!";"https://bookbuy.vn//Res/Images/Product/qua-lang-kinh-cua-mot-chu-meo_131179_1.jpg";11.15;"2022-02-24";"Literature Publishing House";344;31;313;"Through the lens of a cat";1
11;4140910151;"Nonchan";"This description is updating, please wait for it. Thank you so much !!!";"https://bookbuy.vn//Res/Images/Product/chau-la-co-tich_131165_1.jpg";51.1;"2021-04-17";"Kim Dong Publishing House";357;59;298;"You are fairy";1
12;6082634120;"Nguyen Thanh Nga Han Pham";"This description is updating, please wait for it. Thank you so much !!!";"https://bookbuy.vn//Res/Images/Product/hat-bap-vo-tay_131164_1.jpg";51.1;"2023-03-30";"Kim Dong Publishing House";354;155;199;"Corn seeds clapped";1
13;4456631235;"Thu Vien";"This description is updating, please wait for it. Thank you so much !!!";"https://bookbuy.vn//Res/Images/Product/khi-anh-cuoi-hao-hoa-phong-nha_131163_1.jpg";21.11;"2022-06-20";"Thanh Nien Publishing House";310;180;130;"When he smiled, the pompous elegance";1
14;7059853351;"Susanna Clarke";"This description is updating, please wait for it. Thank you so much !!!";"https://bookbuy.vn//Res/Images/Product/piranesi-bi-an-ngoi-nha-vo-tan_131155_1.png";14.44;"2023-07-18";"Thanh Nien Publishing House";443;91;352;"Piranesi - Endless house";1
15;8754086750;"Chau Lo Minh";"This description is updating, please wait for it. Thank you so much !!!";"https://bookbuy.vn//Res/Images/Product/40-phut-nua-toi-se-ve-den-nha_131141_1.jpg";11.15;"2022-03-09";"Dan Tri Publishing House";275;30;245;"In 40 minutes I will come home";1
16;9807637223;"Phan Quoc Dung Nguyen Tuan Nam";"This description is updating, please wait for it. Thank you so much !!!";"https://bookbuy.vn//Res/Images/Product/den-noi-nen-den-yeu-nguoi-nen-yeu_131138_1.jpg";89.9;"2023-06-21";"Dan Tri Publishing House";325;193;132;"Going to the place should come to love people should love";1
17;7879730740;"Summer";"This description is updating, please wait for it. Thank you so much !!!";"https://bookbuy.vn//Res/Images/Product/dao-nay-em-co-on-khong-_131136_1.JPG";76.65;"2024-04-02";"Women's Publishing House";263;160;103;"Are you okay lately?";9
18;4198489078;"To Tan";"This description is updating, please wait for it. Thank you so much !!!";"https://bookbuy.vn//Res/Images/Product/lam-mot-nguoi-binh-thuong_131128_1.JPG";10.01;"2023-08-07";"Dan Tri Publishing House";272;76;196;"As a normal person";1
19;3975773961;"Madeleine L’ Engle";"This description is updating, please wait for it. Thank you so much !!!";"https://bookbuy.vn//Res/Images/Product/nep-gap-thoi-gian-the-graphic-novel_126136_1.jpg";18.87;"2024-02-10";"Writers Association Publishing House";372;197;175;"The graphic novel - The Graphic Novel";3
20;9730472413;"Ichikawa takuji";"This description is updating, please wait for it. Thank you so much !!!";"https://bookbuy.vn//Res/Images/Product/118829_neu-gap-nguoi-ay-cho-toi-gui-loi-chao_24934_1.jpg";10.0;"2021-02-11";"Times Publishing House";482;32;450;"If I meet him, I will send greetings (Representation 2022)";3
21;5187803279;"Lam Lam";"This description is updating, please wait for it. Thank you so much !!!";"https://bookbuy.vn//Res/Images/Product/thanh-xuan-ay-minh-da-tung-thuong_95835_1.PNG";67.7;"2024-03-26";"Dan Tri Publishing House";456;49;407;"That youth I used to love";3
22;8398807515;"Ha Vu";"This description is updating, please wait for it. Thank you so much !!!";"https://bookbuy.vn//Res/Images/Product/-don-phuong-anh-khong-thuong-em_95444_1.jpg";58.85;"2019-05-23";"Hanoi Publishing House";409;98;311;"#Preptions-won't love you";3
23;4736641172;"Prosthetics";"This description is updating, please wait for it. Thank you so much !!!";"https://bookbuy.vn//Res/Images/Product/phu-sinh-luc-ky_95250_1.jpg";83.3;"2022-08-24";"Writers Association Publishing House";226;191;35;"Sinh Sinh Luc Ky";3
24;6169666239;"Ye careless optimism";"This description is updating, please wait for it. Thank you so much !!!";"https://bookbuy.vn//Res/Images/Product/anh-khong-muon-de-em-mot-minh-tai-ban-2020-_95243_1.jpg";75.55;"2022-03-01";"Literature Publishing House";246;112;134;"I don't want you to leave you alone (Reprinted 2020)";3
25;4387111260;"Kim Dai";"This description is updating, please wait for it. Thank you so much !!!";"https://bookbuy.vn//Res/Images/Product/nha-co-chong-ngoan_95242_1.jpg";12.24;"2023-12-29";"Literature Publishing House";249;126;123;"The house has a good husband";3
26;9219156635;"Tanizaki junichiro";"This description is updating, please wait for it. Thank you so much !!!";"https://bookbuy.vn//Res/Images/Product/tinh-kho_95236_1.jpg";83.3;"2023-06-16";"Writers Association Publishing House";344;18;326;"Love stupid";3
27;2651546600;"Diem Lien Khoa";"This description is updating, please wait for it. Thank you so much !!!";"https://bookbuy.vn//Res/Images/Product/nang-kim-lien-o-tran-tay-mon_95233_1.jpg";66.6;"2019-12-06";"Writers Association Publishing House";203;124;79;"Kim Lien in Tay Mon town";3
28;1219568666;"Tran Tien Cao Dang";"This description is updating, please wait for it. Thank you so much !!!";"https://bookbuy.vn//Res/Images/Product/nhung-gap-go-khong-the-co_95231_1.jpg";64.45;"2022-08-28";"Writers Association Publishing House";301;88;213;"The meeting cannot be";3
29;1919975659;"Le Hong Lam";"This description is updating, please wait for it. Thank you so much !!!";"https://bookbuy.vn//Res/Images/Product/su-luong-nan-cua-tinh-the-lam-nguoi_95225_1.jpg";83.3;"2023-04-26";"Writers Association Publishing House";485;101;384;"The dilemma of the situation is human";3
30;3947574084;"Makoto Shichida Sakura Mai Nguyen";"This description is updating, please wait for it. Thank you so much !!!";"https://bookbuy.vn//Res/Images/Product/7-nghia-cu-cua-nguoi-lam-cha_95224_1.jpg";21.13;"2022-12-19";"Kim Dong Publishing House";463;198;265;"7 Father's elections";3
31;9026470253;"Tanizaki junichiro";"This description is updating, please wait for it. Thank you so much !!!";"https://bookbuy.vn//Res/Images/Product/nhat-ky-gia-si_95223_1.jpg";83.3;"2021-03-31";"Writers Association Publishing House";375;150;225;"Old Si Diary";3
32;1485970125;"Malala Yousafzai Kerascoët";"This description is updating, please wait for it. Thank you so much !!!";"https://bookbuy.vn//Res/Images/Product/cay-but-mau-nhiem-cua-malala_95222_1.jpg";38.8;"2019-11-15";"Kim Dong Publishing House";427;150;277;"Malala's magical pen";3
33;6624849518;"Hillary Rodham Clinton Marla Frist";"This description is updating, please wait for it. Thank you so much !!!";"https://bookbuy.vn//Res/Images/Product/can-ca-ngoi-lang_95221_1.jpg";34.4;"2022-04-07";"Kim Dong Publishing House";236;3;233;"Need the whole village";3
34;2049766426;"Arundhati Roy";"This description is updating, please wait for it. Thank you so much !!!";"https://bookbuy.vn//Res/Images/Product/bo-tot-cung-hanh-phuc_95219_1.png";14.43;"2023-05-24";"Writers Association Publishing House";477;54;423;"The extremely happy set";3
35;4053155222;"Mai Van Phan";"This description is updating, please wait for it. Thank you so much !!!";"https://bookbuy.vn//Res/Images/Product/thoi-tai-che_95218_1.jpg";76.65;"2022-05-24";"Writers Association Publishing House";267;26;241;"Recycling";3
36;1507835606;"Toni Morrison";"This description is updating, please wait for it. Thank you so much !!!";"https://bookbuy.vn//Res/Images/Product/nguon-goc-cua-ngoai-toc_95217_1.png";73.3;"2019-07-11";"Writers Association Publishing House";329;95;234;"The origin of the pagan";3
37;5604855891;"Jonathan Davis Hyunjung Yu";"This description is updating, please wait for it. Thank you so much !!!";"https://bookbuy.vn//Res/Images/Product/number-in-english-cach-noi-so-chuan-trong-1001-tinh-huong-thuong-ngay-_128685_1.jpg";13.35;"2019-12-04";"World Publishing House";289;104;185;"Number in English - The standard number of status in 1001 usual situations (Practice listening - Talk to mp3 file)";5
38;3832343931;"Land of words";"This description is updating, please wait for it. Thank you so much !!!";"https://bookbuy.vn//Res/Images/Product/ben-ban-du-ban-o-noi-dau_128582_1.png";84.4;"2020-01-12";"Dan Tri Publishing House";360;18;342;"With you wherever you are";5
39;8384934947;"Khuong Le Binh";"This description is updating, please wait for it. Thank you so much !!!";"https://bookbuy.vn//Res/Images/Product/sach-tron-bo-18-cuon-giao-trinh-chuan-hsk-1-2-3-4-5-6-sach-bai-hoc-va-bai-tap_128557_1.jpeg";39.91;"2021-04-27";"Ho Chi Minh City General Publishing House";266;200;66;"Full set of 18 standard textbooks HSK 1 to HSK 6 - Lesson book and exercises";5
40;5902083708;"Viet Le";"This description is updating, please wait for it. Thank you so much !!!";"https://bookbuy.vn//Res/Images/Product/127945_ngoai-ngu-kho-day-nhung-ban-tu-hoc-duoc-bi-quyet-tu-hoc-chinh-phuc-anh-ngu-song-trung_127942_1.jpg";14.43;"2020-07-16";"World Publishing House";377;45;332;"Foreign language is difficult, but you can self -study: The secret to self -study conquered English song";5
41;5390152901;"Viet Le";"This description is updating, please wait for it. Thank you so much !!!";"https://bookbuy.vn//Res/Images/Product/ngoai-ngu-kho-day-nhung-ban-tu-hoc-duoc-bi-quyet-tu-hoc-chinh-phuc-anh-ngu-song-trung_127942_1.jpg";22.28;"2023-11-13";"World Publishing House";328;193;135;"[Bilingual book] Foreign language is difficult";5
42;9807908868;"AOTS - The Association for Overseas Technical Scholarship";"This description is updating, please wait for it. Thank you so much !!!";"https://bookbuy.vn//Res/Images/Product/sach-tu-hoc-hiragana-katakana-hoc-thong-qua-nghe-va-viet-_127854_1.jpg";72.2;"2023-05-15";"Young Publishing House";218;180;38;"Hiragana -Katakana self -study book - Learn through listening and writing";5
43;2777859374;"Trang Anh";"This description is updating, please wait for it. Thank you so much !!!";"https://bookbuy.vn//Res/Images/Product/chinh-phuc-cum-dong-tu-tieng-anh_127761_2.jpg";81.15;"2024-01-21";"Hanoi National University Publishing House";422;106;316;"Conquer English verb phrases";5
44;1447277385;"Khuong Le Binh";"This description is updating, please wait for it. Thank you so much !!!";"https://bookbuy.vn//Res/Images/Product/giao-trinh-chuan-hsk-1-tai-ban-2023-_125372_1.jpg";16.68;"2021-03-12";"General Ho Chi Minh City";474;174;300;"Standard Curriculum HSK 1 (Representing 2023)";5
45;5925696560;"Nguyen Thanh Yen";"This description is updating, please wait for it. Thank you so much !!!";"https://bookbuy.vn//Res/Images/Product/hoc-2000-tu-tieng-anh-huu-ich-bang-so-do-tu-duy_125289_1.jpg";27.72;"2019-09-09";"Ho Chi Minh City General Publishing House";425;133;292;"Learn 2000 useful English words with thinking diagrams";5
46;9237916393;"Thanh Tung Nguyen";"This description is updating, please wait for it. Thank you so much !!!";"https://bookbuy.vn//Res/Images/Product/uoc-vong-ve-quoc-gia-lap-trinh-tu-tieng-anh-den-tieng-_125263_1.jpg";68.8;"2021-11-10";"Young Publishing House";413;36;377;"Desires of programming country: from English to code";5
47;1155489729;"Maëva Courtois";"This description is updating, please wait for it. Thank you so much !!!";"https://bookbuy.vn//Res/Images/Product/learning-english-with-tv-series-luyen-noi-thanh-thao-cung-""mot""""-phim-tieng-anh_124092_1.jpg""";92.25;"2023-08-03";"World Publishing House";295;38;257;"Learning English with TV Series - Practice speaking proficiently with ""English"""" films""";5
48;6412379302;"YBM TOEIC R&D";"This description is updating, please wait for it. Thank you so much !!!";"https://bookbuy.vn//Res/Images/Product/ybm-toeic-listening-1000-vol-2-tai-ban-2023-_124037_1.jpg";22.2;"2022-09-15";"Dan Tri Publishing House";274;127;147;"YBM TOEIC Listening 1000 - Vol 2 (Representing 2023)";5
49;1618174580;"YBM TOEIC R&D";"This description is updating, please wait for it. Thank you so much !!!";"https://bookbuy.vn//Res/Images/Product/ybm-toeic-listening-1000-vol-1-tai-ban-2023-_124036_1.jpg";22.2;"2021-01-14";"Dan Tri Publishing House";420;9;411;"YBM TOEIC Listening 1000 - Vol 1 (Representing 2023)";5
50;1957084743;"Komaki Michiko";"This description is updating, please wait for it. Thank you so much !!!";"https://bookbuy.vn//Res/Images/Product/tieng-nhat-cong-nghe-thong-tin-hoi-thoai-trong-du-an-phan-mem_123585_1.jpg";24.47;"2021-02-16";"World Publishing House";422;103;319;"Japanese information technology: Conversation in software projects";5
51;8686455184;"Beijing Language University";"This description is updating, please wait for it. Thank you so much !!!";"https://bookbuy.vn//Res/Images/Product/giao-trinh-phat-trien-han-ngu-tong-hop-so-cap-1-tap-1-tai-ban-2023-_123518_1.jpg";16.61;"2021-08-30";"Hong Duc Publishing House";449;100;349;"Curriculum Development of primary general Chinese language - Volume 1 (Representing 2023)";5
52;6217286661;"Nguyen Thuy";"This description is updating, please wait for it. Thank you so much !!!";"https://bookbuy.vn//Res/Images/Product/giao-trinh-tieng-nhat-so-cap-tap-2-shin-nihongo-no-kiso-ii_123303_1.jpg";12.21;"2019-08-31";"Hong Duc Publishing House";313;69;244;"Primary Japanese curriculum (Episode 2) - Shin Nihongo No Kiso II";5
53;3326617751;"Nguyen Thuy";"This description is updating, please wait for it. Thank you so much !!!";"https://bookbuy.vn//Res/Images/Product/giao-trinh-tieng-nhat-so-cap-tap-1_123302_1.jpg";12.21;"2020-08-22";"Hong Duc Publishing House";459;135;324;"Primary Japanese curriculum - Episode 1";5
54;3263731513;"Nguyen Thuy";"This description is updating, please wait for it. Thank you so much !!!";"https://bookbuy.vn//Res/Images/Product/giao-trinh-tieng-nhat-so-cap-tap-2-shin-nihongo-no-kiso-ii-giai-thich-van-pham-bang-tieng-viet-_123301_1.jpg";34.4;"2021-08-12";"Times Publishing House";236;146;90;"Primary Japanese curriculum (Episode 2 - Shin Nihongo No Kiso II (Explain Van Pham in Vietnamese)";5
55;5604855891;"Jonathan Davis Hyunjung Yu";"This description is updating, please wait for it. Thank you so much !!!";"https://bookbuy.vn//Res/Images/Product/number-in-english-cach-noi-so-chuan-trong-1001-tinh-huong-thuong-ngay-_128685_1.jpg";13.35;"2019-12-04";"World Publishing House";289;104;185;"Number in English - The standard number of status in 1001 usual situations (Practice listening - Talk to mp3 file)";5
56;3832343931;"Land of words";"This description is updating, please wait for it. Thank you so much !!!";"https://bookbuy.vn//Res/Images/Product/ben-ban-du-ban-o-noi-dau_128582_1.png";84.4;"2020-01-12";"Dan Tri Publishing House";360;18;342;"With you wherever you are";5
57;8384934947;"Khuong Le Binh";"This description is updating, please wait for it. Thank you so much !!!";"https://bookbuy.vn//Res/Images/Product/sach-tron-bo-18-cuon-giao-trinh-chuan-hsk-1-2-3-4-5-6-sach-bai-hoc-va-bai-tap_128557_1.jpeg";39.91;"2021-04-27";"Ho Chi Minh City General Publishing House";266;200;66;"Full set of 18 standard textbooks HSK 1 to HSK 6 - Lesson book and exercises";5
58;5902083708;"Viet Le";"This description is updating, please wait for it. Thank you so much !!!";"https://bookbuy.vn//Res/Images/Product/127945_ngoai-ngu-kho-day-nhung-ban-tu-hoc-duoc-bi-quyet-tu-hoc-chinh-phuc-anh-ngu-song-trung_127942_1.jpg";14.43;"2020-07-16";"World Publishing House";377;45;332;"Foreign language is difficult, but you can self -study: The secret to self -study conquered English song";5
59;5390152901;"Viet Le";"This description is updating, please wait for it. Thank you so much !!!";"https://bookbuy.vn//Res/Images/Product/ngoai-ngu-kho-day-nhung-ban-tu-hoc-duoc-bi-quyet-tu-hoc-chinh-phuc-anh-ngu-song-trung_127942_1.jpg";22.28;"2023-11-13";"World Publishing House";328;193;135;"[Bilingual book] Foreign language is difficult";5
60;9807908868;"AOTS - The Association for Overseas Technical Scholarship";"This description is updating, please wait for it. Thank you so much !!!";"https://bookbuy.vn//Res/Images/Product/sach-tu-hoc-hiragana-katakana-hoc-thong-qua-nghe-va-viet-_127854_1.jpg";72.2;"2023-05-15";"Young Publishing House";218;180;38;"Hiragana -Katakana self -study book - Learn through listening and writing";5
61;2777859374;"Trang Anh";"This description is updating, please wait for it. Thank you so much !!!";"https://bookbuy.vn//Res/Images/Product/chinh-phuc-cum-dong-tu-tieng-anh_127761_2.jpg";81.15;"2024-01-21";"Hanoi National University Publishing House";422;106;316;"Conquer English verb phrases";5
62;1447277385;"Khuong Le Binh";"This description is updating, please wait for it. Thank you so much !!!";"https://bookbuy.vn//Res/Images/Product/giao-trinh-chuan-hsk-1-tai-ban-2023-_125372_1.jpg";16.68;"2021-03-12";"General Ho Chi Minh City";474;174;300;"Standard Curriculum HSK 1 (Representing 2023)";5
63;5925696560;"Nguyen Thanh Yen";"This description is updating, please wait for it. Thank you so much !!!";"https://bookbuy.vn//Res/Images/Product/hoc-2000-tu-tieng-anh-huu-ich-bang-so-do-tu-duy_125289_1.jpg";27.72;"2019-09-09";"Ho Chi Minh City General Publishing House";425;133;292;"Learn 2000 useful English words with thinking diagrams";5
64;9237916393;"Thanh Tung Nguyen";"This description is updating, please wait for it. Thank you so much !!!";"https://bookbuy.vn//Res/Images/Product/uoc-vong-ve-quoc-gia-lap-trinh-tu-tieng-anh-den-tieng-_125263_1.jpg";68.8;"2021-11-10";"Young Publishing House";413;36;377;"Desires of programming country: from English to code";5
65;1155489729;"Maëva Courtois";"This description is updating, please wait for it. Thank you so much !!!";"https://bookbuy.vn//Res/Images/Product/learning-english-with-tv-series-luyen-noi-thanh-thao-cung-""mot""""-phim-tieng-anh_124092_1.jpg""";92.25;"2023-08-03";"World Publishing House";295;38;257;"Learning English with TV Series - Practice speaking proficiently with ""English"""" films""";5
66;6412379302;"YBM TOEIC R&D";"This description is updating, please wait for it. Thank you so much !!!";"https://bookbuy.vn//Res/Images/Product/ybm-toeic-listening-1000-vol-2-tai-ban-2023-_124037_1.jpg";22.2;"2022-09-15";"Dan Tri Publishing House";274;127;147;"YBM TOEIC Listening 1000 - Vol 2 (Representing 2023)";5
67;1618174580;"YBM TOEIC R&D";"This description is updating, please wait for it. Thank you so much !!!";"https://bookbuy.vn//Res/Images/Product/ybm-toeic-listening-1000-vol-1-tai-ban-2023-_124036_1.jpg";22.2;"2021-01-14";"Dan Tri Publishing House";420;9;411;"YBM TOEIC Listening 1000 - Vol 1 (Representing 2023)";5
68;1957084743;"Komaki Michiko";"This description is updating, please wait for it. Thank you so much !!!";"https://bookbuy.vn//Res/Images/Product/tieng-nhat-cong-nghe-thong-tin-hoi-thoai-trong-du-an-phan-mem_123585_1.jpg";24.47;"2021-02-16";"World Publishing House";422;103;319;"Japanese information technology: Conversation in software projects";5
69;8686455184;"Beijing Language University";"This description is updating, please wait for it. Thank you so much !!!";"https://bookbuy.vn//Res/Images/Product/giao-trinh-phat-trien-han-ngu-tong-hop-so-cap-1-tap-1-tai-ban-2023-_123518_1.jpg";16.61;"2021-08-30";"Hong Duc Publishing House";449;100;349;"Curriculum Development of primary general Chinese language - Volume 1 (Representing 2023)";5
70;6217286661;"Nguyen Thuy";"This description is updating, please wait for it. Thank you so much !!!";"https://bookbuy.vn//Res/Images/Product/giao-trinh-tieng-nhat-so-cap-tap-2-shin-nihongo-no-kiso-ii_123303_1.jpg";12.21;"2019-08-31";"Hong Duc Publishing House";313;69;244;"Primary Japanese curriculum (Episode 2) - Shin Nihongo No Kiso II";5
71;3326617751;"Nguyen Thuy";"This description is updating, please wait for it. Thank you so much !!!";"https://bookbuy.vn//Res/Images/Product/giao-trinh-tieng-nhat-so-cap-tap-1_123302_1.jpg";12.21;"2020-08-22";"Hong Duc Publishing House";459;135;324;"Primary Japanese curriculum - Episode 1";5
72;3263731513;"Nguyen Thuy";"This description is updating, please wait for it. Thank you so much !!!";"https://bookbuy.vn//Res/Images/Product/giao-trinh-tieng-nhat-so-cap-tap-2-shin-nihongo-no-kiso-ii-giai-thich-van-pham-bang-tieng-viet-_123301_1.jpg";34.4;"2021-08-12";"Times Publishing House";236;146;90;"Primary Japanese curriculum (Episode 2 - Shin Nihongo No Kiso II (Explain Van Pham in Vietnamese)";5
73;3715912851;"T.";"This description is updating, please wait for it. Thank you so much !!!";"https://bookbuy.vn//Res/Images/Product/noi-nhung-giac-mo-khong-bao-gio-ket-thuc_127807_3.jpeg";11.15;"2022-10-15";"Literature Publishing House";385;150;235;"Where dreams never end";7
74;6534220923;"The editor of Chartwell Books";"This description is updating, please wait for it. Thank you so much !!!";"https://bookbuy.vn//Res/Images/Product/to-mau-tarot-to-mau-theo-cach-cua-ban-de-khai-mo-truc-giac-dieu-ky_126583_1.jpg";97.75;"2022-03-16";"World Publishing House";451;116;335;"Tarot coloring - Coloring your way to open the magic intuition";7
75;4083293138;"Mac Ky Doanh";"This description is updating, please wait for it. Thank you so much !!!";"https://bookbuy.vn//Res/Images/Product/khu-vuon-chiem-tinh-sach-to-mau-12-chom-sao_126283_2.jpg";10.01;"2023-01-27";"World Publishing House";476;44;432;"Astrology Garden - Coloring book 12 constellations";7
76;4991036517;"Scoop";"This description is updating, please wait for it. Thank you so much !!!";"https://bookbuy.vn//Res/Images/Product/o-tiem-banh-ngay-mai_120975_1.jpg";97.75;"2022-02-01";"Dan Tri Publishing House";370;195;175;"At the bakery tomorrow";7
77;9150381557;"Kulzsc";"This description is updating, please wait for it. Thank you so much !!!";"https://bookbuy.vn//Res/Images/Product/yeu-nhung-ngay-nang-chang-ghet-nhung-ngay-mua_120431_1.jpg";11.12;"2021-12-15";"Vietnamese Women's Publishing House";245;172;73;"Love the sunny days does not hate rainy days";7
78;1793618438;"Yaya";"This description is updating, please wait for it. Thank you so much !!!";"https://bookbuy.vn//Res/Images/Product/mi-nu-hoa-nghe-thuat-ve-mau-nuoc-co-trang_115752_1.jpg";15.52;"2021-08-19";"Kim Dong Publishing House";430;176;254;"Flower Female - Art of ancient watercolor";7
79;6468181945;"Kulzsc";"This description is updating, please wait for it. Thank you so much !!!";"https://bookbuy.vn//Res/Images/Product/to-binh-yen-ve-hanh-phuc_108612_1.jpg";74.45;"2021-07-03";"Vietnamese Women's Publishing House";480;24;456;"To Binh Yen painted happiness (reprint 2022)";7
80;1541602047;"Thien Nha";"This description is updating, please wait for it. Thank you so much !!!";"https://bookbuy.vn//Res/Images/Product/postcard-to-mau-bao-nho_66477_1.jpg";21.1;"2020-05-02";"Young Publishing House";435;90;345;"Coloring postcard - Missing";7
81;5926516705;"Beverley Lawson";"This description is updating, please wait for it. Thank you so much !!!";"https://bookbuy.vn//Res/Images/Product/tuyet-ky-to-mau-vu-tru-giao-thoa_51442_1.jpg";57.75;"2020-04-21";"Dan Tri Publishing House";391;157;234;"Great color technique - interference universe";7
82;8425901542;"Irene Ritonga";"This description is updating, please wait for it. Thank you so much !!!";"https://bookbuy.vn//Res/Images/Product/sach-to-mau-ngay-xua-ngay-xua_51231_1.jpg";41.15;"2019-10-06";"Cultural - Art Publishing House";222;84;138;"Coloring books: Once upon a time";7
83;6709377876;"Bao Huyen";"This description is updating, please wait for it. Thank you so much !!!";"https://bookbuy.vn//Res/Images/Product/sach-to-mau-truyen-kieu-nghe-thuat-sac-mau-va-kiet-tac-van-chuong_50706_5.jpg";79.9;"2019-07-27";"Dan Tri Publishing House";392;93;299;"Coloring books: Story of Kieu - Color Art and Literature masterpiece";7
84;3266871132;"Good Wives & Warriors";"This description is updating, please wait for it. Thank you so much !!!";"https://bookbuy.vn//Res/Images/Product/-tron-vao-xu-so-dieu-ky_50370_1.jpg";56.65;"2023-12-19";"World Publishing House";486;76;410;"Coloring books: hiding into the wonderful country";7
85;9402407350;"Peter Gray";"This description is updating, please wait for it. Thank you so much !!!";"https://bookbuy.vn//Res/Images/Product/chim-muong-sach-to-mau-danh-cho-moi-lua-tuoi-_49000_1.jpg";58.85;"2022-10-07";"Dan Tri Publishing House";306;0;306;"Colored book set for all ages - birds";7
86;2014990716;"Arcturus";"This description is updating, please wait for it. Thank you so much !!!";"https://bookbuy.vn//Res/Images/Product/co-cay-sach-to-mau-danh-cho-moi-lua-tuoi-_48999_1.jpg";58.85;"2021-10-08";"Dan Tri Publishing House";498;75;423;"Colored book set for all ages - Trees";7
87;9844365607;"Arcturus";"This description is updating, please wait for it. Thank you so much !!!";"https://bookbuy.vn//Res/Images/Product/buom-buom-sach-to-mau-danh-cho-moi-lua-tuoi-_48998_1.jpg";58.85;"2020-11-05";"Dan Tri Publishing House";285;62;223;"Colored book set for all ages - Butterfly";7
88;3804612963;"Peter Gray";"This description is updating, please wait for it. Thank you so much !!!";"https://bookbuy.vn//Res/Images/Product/bo-sach-to-mau-danh-cho-moi-lua-tuoi-hoa-co_48917_1.jpg";58.85;"2021-09-17";"Dan Tri Publishing House";372;77;295;"Coloring book set for all ages - Flowers";7
89;4558528566;"Arcturus";"This description is updating, please wait for it. Thank you so much !!!";"https://bookbuy.vn//Res/Images/Product/bo-sach-to-mau-danh-cho-moi-lua-tuoi-vuon-xinh_48916_1.jpg";58.85;"2019-08-27";"Dan Tri Publishing House";306;130;176;"Colored book set for all ages - Beautiful garden";7
90;8994275068;"Arcturus";"This description is updating, please wait for it. Thank you so much !!!";"https://bookbuy.vn//Res/Images/Product/bo-sach-to-mau-danh-cho-moi-lua-tuoi-co-cay_48915_1.jpg";58.85;"2020-01-13";"Dan Tri Publishing House";493;15;478;"Colored book set for all ages - Trees";7
91;7184192713;"Yamaguchi Tsubasa";"This description is updating, please wait for it. Thank you so much !!!";"https://bookbuy.vn//Res/Images/Product/blue-period-tap-13_133254_1.jpg";48.8;"2021-12-06";"Young Publishing House";462;188;274;"Blue Period - Episode 13";8
92;8161959865;"Yamaguchi Tsubasa";"This description is updating, please wait for it. Thank you so much !!!";"https://bookbuy.vn//Res/Images/Product/blue-period-tap-14_133253_1.jpg";48.8;"2022-11-09";"Young Publishing House";299;157;142;"Blue Period - Episode 14";8
93;2970063616;"Hajime isayama";"This description is updating, please wait for it. Thank you so much !!!";"https://bookbuy.vn//Res/Images/Product/attack-on-titan-6_133252_1.jpg";48.8;"2020-08-27";"Young Publishing House";272;58;214;"Attack on Titan 6";8
94;7446714103;"Hajime isayama";"This description is updating, please wait for it. Thank you so much !!!";"https://bookbuy.vn//Res/Images/Product/attack-on-titan-7_133251_1.jpg";48.8;"2021-05-28";"Young Publishing House";274;65;209;"Attack on Titan 7";8
95;1755140953;"Kohei horikoshi";"This description is updating, please wait for it. Thank you so much !!!";"https://bookbuy.vn//Res/Images/Product/my-hero-academia-hoc-vien-sieu-anh-hung-tap-38-hi-vong-_133250_1.jpg";25.5;"2020-12-19";"Kim Dong Publishing House";295;19;276;"My Hero Academia - Superhero Academy - Episode 38 - Hope";8
96;7929623979;"Many authors";"This description is updating, please wait for it. Thank you so much !!!";"https://bookbuy.vn//Res/Images/Product/cau-lac-bo-nhung-ke-mat-ngu-tap-2_133233_1.jpg";4.0;"2020-02-03";"Kim Dong Publishing House";356;58;298;"Club of insomnia - Episode 2";8
97;6318601188;"Many authors";"This description is updating, please wait for it. Thank you so much !!!";"https://bookbuy.vn//Res/Images/Product/phong-than-dien-nghia-tap-2_133232_1.jpg";7.0;"2019-08-22";"Kim Dong Publishing House";346;18;328;"Phong Than Dien Nghia - Episode 2";8
98;7030477006;"Many authors";"This description is updating, please wait for it. Thank you so much !!!";"https://bookbuy.vn//Res/Images/Product/than-thu-dien-vo-tap-3_133231_1.jpg";35.5;"2023-06-30";"Kim Dong Publishing House";308;186;122;"The martial arts beast - Episode 3";8
99;3659820731;"Mold";"This description is updating, please wait for it. Thank you so much !!!";"https://bookbuy.vn//Res/Images/Product/tay-du-hi-tap-7_133230_1.png";11.19;"2024-02-09";"Dan Tri Publishing House";389;151;238;"Journey to the West - Episode 7";8
100;4044700214;"Mold";"This description is updating, please wait for it. Thank you so much !!!";"https://bookbuy.vn//Res/Images/Product/tay-du-hi-tap-6_133229_1.jpg";85.5;"2019-06-01";"Dan Tri Publishing House";405;6;399;"Journey to the West - Episode 6";8
101;6476023267;"Mold";"This description is updating, please wait for it. Thank you so much !!!";"https://bookbuy.vn//Res/Images/Product/tay-du-hi-tap-5-tai-ban-2024-_133228_1.png";99.9;"2021-02-12";"Dan Tri Publishing House";480;35;445;"Journey to the West - Episode 5 (Representing 2024)";8
102;8701015662;"Many authors";"This description is updating, please wait for it. Thank you so much !!!";"https://bookbuy.vn//Res/Images/Product/fire-force-tap-28-_133214_1.jpg";43.3;"2022-10-22";"Young Publishing House";316;92;224;"Fire Force - Episode 28";8
103;5957520632;"Many authors";"This description is updating, please wait for it. Thank you so much !!!";"https://bookbuy.vn//Res/Images/Product/fire-force-tap-27_133213_1.jpg";43.3;"2020-06-06";"Young Publishing House";355;46;309;"Fire Force - Episode 27";8
104;4008289420;"Yuzo Takada";"This description is updating, please wait for it. Thank you so much !!!";"https://bookbuy.vn//Res/Images/Product/3x3-eyes-co-be-ba-mat-tap-13_131189_1.jpg";9.0;"2024-03-17";"Young Publishing House";386;101;285;"3x3 Eyes - The three -eye girl: Episode 13";8
105;9595984697;"Many authors";"This description is updating, please wait for it. Thank you so much !!!";"https://bookbuy.vn//Res/Images/Product/hoi-con-trai-tap-11_131188_1.jpg";4.0;"2021-04-03";"Young Publishing House";459;129;330;"Boy Association - Episode 11";8
106;5118118055;"Many authors";"This description is updating, please wait for it. Thank you so much !!!";"https://bookbuy.vn//Res/Images/Product/moriarty-the-patriot-tap-14_131186_1.jpg";45.5;"2020-10-16";"Young Publishing House";482;139;343;"Moriarty The Patriot - Episode 14";8
107;1492239473;"Many authors";"This description is updating, please wait for it. Thank you so much !!!";"https://bookbuy.vn//Res/Images/Product/vu-dieu-ruc-lua-welcome-to-the-ballroom-tap-4_131184_1.jpg";4.0;"2023-10-06";"Kim Dong Publishing House";422;198;224;"Welcome to the ballroom - Episode 4";8
108;2951484935;"Fuyumi ono";"This description is updating, please wait for it. Thank you so much !!!";"https://bookbuy.vn//Res/Images/Product/ghost-hunt-tap-1-chuyen-ma-quy-o-khu-hoc-xa-cu_131176_1.jpg";10.05;"2021-06-09";"Kim Dong Publishing House";326;162;164;"Ghost Hunt - Episode 1 - The evil story in the old campus";8
109;9141279954;"Luke O'Neill";"This description is updating, please wait for it. Thank you so much !!!";"https://bookbuy.vn//Res/Images/Product/dieu-gi-khien-chung-ta-tro-thanh-con-nguoi-_133226_1.jpg";11.15;"2019-12-23";"Kim Dong Publishing House";438;195;243;"What makes us human?";10
110;9179354175;"Coline Pierré Loic Froissart";"This description is updating, please wait for it. Thank you so much !!!";"https://bookbuy.vn//Res/Images/Product/-nguoi-huong-noi-huong-dan-su-dung_133202_1.jpg";63.35;"2019-08-31";"Kim Dong Publishing House";242;98;144;"Introverted people - Instructions for use";10
111;8492733719;"Ben Dupré";"This description is updating, please wait for it. Thank you so much !!!";"https://bookbuy.vn//Res/Images/Product/50-y-tuong-lon-ban-thuc-su-can-biet_131200_1.jpg";15.53;"2022-01-29";"World Publishing House";316;15;301;"50 big ideas you really need to know";10
112;6748526053;"Mark Lines";"This description is updating, please wait for it. Thank you so much !!!";"https://bookbuy.vn//Res/Images/Product/triet-hoc-ky-thu-danh-cho-tuoi-moi-lon_131154_1.jpg";11.11;"2023-08-02";"Young Publishing House";340;75;265;"Exciting philosophy for adolescence";10
113;3118855669;"Eric Ackroyd";"This description is updating, please wait for it. Thank you so much !!!";"https://bookbuy.vn//Res/Images/Product/giac-mo-nhin-tu-phan-tam-hoc-nhung-chi-dan_128929_1.jpg";11.19;"2020-08-07";"Kim Dong Publishing House";254;74;180;"Dreams from psychoanalysis - Image and symbolic instructions";10
114;2838419622;"Sharie Coombes Katie Abey";"This description is updating, please wait for it. Thank you so much !!!";"https://bookbuy.vn//Res/Images/Product/truong-thanh-tu-suy-nghi-tam-biet-lo-au-_128919_1.jpg";63.35;"2020-09-24";"Kim Dong Publishing House";284;176;108;"Growing up from thinking - Goodbye!";10
115;5626939425;"Sharie Coombes Ellie O’Shea";"This description is updating, please wait for it. Thank you so much !!!";"https://bookbuy.vn//Res/Images/Product/truong-thanh-tu-suy-nghi-suy-nghi-tich-cuc-_128918_1.jpg";63.35;"2022-12-22";"Kim Dong Publishing House";413;40;373;"Growing up from thinking - positive thoughts!";10
116;1173443924;"Sharie Coombes Katie Abey";"This description is updating, please wait for it. Thank you so much !!!";"https://bookbuy.vn//Res/Images/Product/truong-thanh-tu-suy-nghi-online-offline-_128917_1.jpg";63.35;"2024-04-27";"Kim Dong Publishing House";254;13;241;"Growing up from thinking - Online offline!";10
117;4211899374;"Katie Abey Stephanie Clarkson";"This description is updating, please wait for it. Thank you so much !!!";"https://bookbuy.vn//Res/Images/Product/truong-thanh-tu-suy-nghi-hay-tu-te-_128916_1.jpg";63.35;"2020-10-24";"Kim Dong Publishing House";490;3;487;"Growing up from thinking - Being kind!";10
118;8078314563;"Sharie Coombes Katie Abey";"This description is updating, please wait for it. Thank you so much !!!";"https://bookbuy.vn//Res/Images/Product/truong-thanh-tu-suy-nghi-tro-lai-loi-hai-hon-_128915_1.jpg";63.35;"2022-11-22";"Kim Dong Publishing House";458;97;361;"Growing up from thinking - returning more dangerous!";10
119;1842657577;"Marine Paris Pauline Duhamel";"This description is updating, please wait for it. Thank you so much !!!";"https://bookbuy.vn//Res/Images/Product/bi-kip-xoay-chuyen-tinh-the-de-me-het-noi-nong_128735_2.jpg";29.95;"2019-09-05";"Kim Dong Publishing House";212;172;40;"The secret to turn the situation - Let the mother get out of heat";10
120;1850801515;"Marine Paris Pauline Duhamel";"This description is updating, please wait for it. Thank you so much !!!";"https://bookbuy.vn//Res/Images/Product/bi-kip-xoay-chuyen-tinh-the-de-anh-chi-em-het-ich-ky_128734_1.jpg";29.95;"2020-11-03";"Kim Dong Publishing House";489;200;289;"The secret of turning the situation - for you to be selfish";10
121;8113624389;"Marine Paris Pauline Duhamel";"This description is updating, please wait for it. Thank you so much !!!";"https://bookbuy.vn//Res/Images/Product/128733_bi-kip-xoay-chuyen-tinh-the-de-bo-het-hoa-rong_128729_1.jpg";29.95;"2022-01-10";"Kim Dong Publishing House";475;13;462;"The secret to turn the situation - Let the teacher stop angry";10
122;5259776080;"Marine Paris Pauline Duhamel";"This description is updating, please wait for it. Thank you so much !!!";"https://bookbuy.vn//Res/Images/Product/bi-kip-xoay-chuyen-tinh-the-de-bo-het-hoa-rong_128729_1.jpg";29.95;"2019-05-23";"Kim Dong Publishing House";418;9;409;"The secret to turn the situation - Let the father all turn the dragon";10
123;2559257161;"Steven Strogatz";"This description is updating, please wait for it. Thank you so much !!!";"https://bookbuy.vn//Res/Images/Product/suc-manh-vo-han-giai-tich-toan-kham-pha-bi-mat-cua-vu-tru-nhu-the-nao_128682_1.jpg";21.13;"2023-03-15";"Young Publishing House";335;83;252;"Infinite power.What is the Cosmic discovery math analysis of the universe?";10
124;7331989818;"Robin Wall Kimmerer";"This description is updating, please wait for it. Thank you so much !!!";"https://bookbuy.vn//Res/Images/Product/tet-co-ngot_128641_1.jpg";19.91;"2024-04-19";"Literature Publishing House";307;21;286;"Tet holiday";10
125;2540074283;"Elizabeth Kolbert";"This description is updating, please wait for it. Thank you so much !!!";"https://bookbuy.vn//Res/Images/Product/duoi-bau-troi-trang-_128639_1.jpg";14.4;"2023-04-23";"General Ho Chi Minh City";357;45;312;"Under the white sky";10
126;1724063301;"Heather Darwall-Smith";"This description is updating, please wait for it. Thank you so much !!!";"https://bookbuy.vn//Res/Images/Product/khoa-hoc-ve-giac-ngu_128638_1.jpg";25.55;"2022-02-06";"World Publishing House";310;108;202;"Sleep science";10
127;9086022945;"Erin Meyer";"This description is updating, please wait for it. Thank you so much !!!";"https://bookbuy.vn//Res/Images/Product/so-do-khac-biet-van-hoa-_128899_1.jpg";10.02;"2020-07-14";"Kim Dong Publishing House";477;121;356;"Cultural difference diagram";11
128;5770996314;"Sue Graves Desideria Guicrdini";"This description is updating, please wait for it. Thank you so much !!!";"https://bookbuy.vn//Res/Images/Product/hieu-ve-cam-xuc-va-hanh-vi-cua-tre-con-khong-thich-nhuong-hieu-va-giup-tre-biet-chia-se-_128839_1.jpg";5.0;"2019-11-23";"Dan Tri Publishing House";258;126;132;"Understand and help children comply with the rules - why don't you do that?";11
129;8709120895;"Sue Graves Desideria Guicrdini";"This description is updating, please wait for it. Thank you so much !!!";"https://bookbuy.vn//Res/Images/Product/hieu-ve-cam-xuc-va-hanh-vi-cua-tre-con-khong-thich-nhuong-hieu-va-giup-tre-biet-chia-se-_128838_1.jpg";5.0;"2019-08-16";"Dan Tri Publishing House";206;161;45;"Understand the emotions and behaviors of children - I don't like to yield!(Understand and help children share)";11
130;3849666153;"Sue Graves Desideria Guicrdini";"This description is updating, please wait for it. Thank you so much !!!";"https://bookbuy.vn//Res/Images/Product/hieu-va-giup-tre-dung-cam-con-khong-so-ti-nao_128837_1.jpg";5.0;"2022-04-14";"Dan Tri Publishing House";247;54;193;"Understand and help children brave - I'm not afraid at all";11
131;8952862833;"Sue Graves Desideria Guicrdini";"This description is updating, please wait for it. Thank you so much !!!";"https://bookbuy.vn//Res/Images/Product/hieu-va-giup-tre-trung-thuc-khong-phai-con-lam-dau-_128836_1.jpg";5.0;"2019-07-29";"Dan Tri Publishing House";216;121;95;"Understand and help children honestly - not children!";11
132;2187932819;"Hai Anh";"This description is updating, please wait for it. Thank you so much !!!";"https://bookbuy.vn//Res/Images/Product/song-bia-cung_128715_1.jpg";16.62;"2022-03-28";"Kim Dong Publishing House";201;88;113;"Life - Cover";11
133;1083202023;"Many authors";"This description is updating, please wait for it. Thank you so much !!!";"https://bookbuy.vn//Res/Images/Product/thao-cam-vien-sai-gon-kho-bau-trong-long-thanh-pho_128539_1.jpg";13.36;"2023-10-13";"Young Publishing House";431;125;306;"Saigon Zoo - Treasure in the heart of the city";11
134;9907940001;"Clive gifford";"This description is updating, please wait for it. Thank you so much !!!";"https://bookbuy.vn//Res/Images/Product/nhung-mau-sac-lam-nen-lich-su-mau-sac-da-dinh-hinh-nen-van-minh-nhan-loai-nhu-the-nao_128536_1.jpg";74.45;"2021-12-21";"Hanoi Publishing House";239;94;145;"The colors that make up history - the color have shown the human civilization wallpaper like";11
135;6465801751;"George Ivanoff";"This description is updating, please wait for it. Thank you so much !!!";"https://bookbuy.vn//Res/Images/Product/cam-nang-kham-pha-sieu-nhien_128429_1.jpg";75.55;"2020-06-17";"World Publishing House";267;169;98;"Mute explore supernatural";11
136;6135271106;"Anna Claybourne";"This description is updating, please wait for it. Thank you so much !!!";"https://bookbuy.vn//Res/Images/Product/van-vat-bien-doi_128379_1.jpg";74.45;"2020-12-25";"Youth";211;176;35;"Everything changes";11
137;6462315650;"Katie Daynes";"This description is updating, please wait for it. Thank you so much !!!";"https://bookbuy.vn//Res/Images/Product/chung-ta-co-the-bao-ve-trai-dat-giai-cuu-cay-xanh_128377_2.jpg";55.5;"2023-04-18";"Hanoi Publishing House";215;76;139;"Can we protect the earth?- Rescue trees";11
138;8785468736;"Katie Daynes";"This description is updating, please wait for it. Thank you so much !!!";"https://bookbuy.vn//Res/Images/Product/chung-ta-co-the-bao-ve-trai-dat-giai-cuu-gau-bac-cuc_128376_1.jpg";55.5;"2021-02-07";"Hanoi Publishing House";396;36;360;"Can we protect the earth?- Rescue polar bears";11
139;7005327358;"Katie Daynes";"This description is updating, please wait for it. Thank you so much !!!";"https://bookbuy.vn//Res/Images/Product/chung-ta-co-the-bao-ve-trai-dat-giai-cuu-cay-xanh_128375_1.jpg";55.5;"2021-07-25";"Hanoi Publishing House";287;145;142;"Can we protect the earth?- Rescue trees";11
140;5729574404;"Jenny Jacoby Kim Hankinson";"This description is updating, please wait for it. Thank you so much !!!";"https://bookbuy.vn//Res/Images/Product/biet-doi-khoa-hoc-nap-o-dau-ung-dung-toan-hoc-giua-doi-thuong_128362_1.jpg";56.6;"2023-01-30";"Women's Publishing House";271;117;154;"Where is the scientific team?- Application of mathematics in real life";11
141;5771191368;"Jenny Jacoby Kim Hankinson";"This description is updating, please wait for it. Thank you so much !!!";"https://bookbuy.vn//Res/Images/Product/biet-doi-khoa-hoc-nap-o-dau-ung-dung-khoa-hoc-giua-doi-thuong_128358_1.jpg";56.6;"2021-04-15";"Women's Publishing House";290;48;242;"Where is the scientific team?- Application of science in real life";11
142;6657755043;"Geoff Waring";"This description is updating, please wait for it. Thank you so much !!!";"https://bookbuy.vn//Res/Images/Product/kham-pha-the-gioi-cung-meo-oscar-am-thanh_128317_1.jpg";46.65;"2022-04-10";"Hanoi Publishing House";222;91;131;"Explore the world with Oscar cats - Sound";11
143;3131728367;"Geoff Waring";"This description is updating, please wait for it. Thank you so much !!!";"https://bookbuy.vn//Res/Images/Product/kham-pha-the-gioi-cung-meo-oscar-chuyen-dong_128316_1.jpg";46.65;"2021-05-06";"Hanoi Publishing House";308;18;290;"Explore the world with Oscar cats - motion";11
144;1006778599;"Geoff Waring";"This description is updating, please wait for it. Thank you so much !!!";"https://bookbuy.vn//Res/Images/Product/kham-pha-the-gioi-cung-meo-oscar-su-sinh-truong_128315_1.jpg";46.65;"2024-01-23";"Hanoi Publishing House";451;123;328;"Explore the world with Oscar cats - growth";11
145;1323399781;"Mo Van Chi";"This description is updating, please wait for it. Thank you so much !!!";"https://bookbuy.vn//Res/Images/Product/song-ca-ne-doi-khong-ne_133248_1.jpg";11.18;"2023-06-24";"Dan Tri Publishing House";209;160;49;"Live respectful life";12
146;9150928132;"Ly The Cuong";"This description is updating, please wait for it. Thank you so much !!!";"https://bookbuy.vn//Res/Images/Product/dinh-luat-murphy-lam-sao-de-nhung-viec-ban-lo-lang-se-khong-xay-ra_133246_1.jpg";10.1;"2022-08-18";"Literature Publishing House";288;106;182;"Murphy's law - how to worry about what you worry will not happen";12
147;7987877145;"Charles Sophy";"This description is updating, please wait for it. Thank you so much !!!";"https://bookbuy.vn//Res/Images/Product/lam-gi-khi-con-noi-loan-_133244_1.jpg";15.53;"2023-01-01";"World Publishing House";359;126;233;"What to do when you rebel?";12
148;4210039271;"Cao Thanh";"This description is updating, please wait for it. Thank you so much !!!";"https://bookbuy.vn//Res/Images/Product/trai-tim-kim-cuong_133238_1.jpg";15.52;"2023-04-11";"World Publishing House";290;108;182;"Diamond heart";12
149;9350272218;"Ha Minh Hong";"This description is updating, please wait for it. Thank you so much !!!";"https://bookbuy.vn//Res/Images/Product/bac-ho-voi-thieu-nien-nhi-dong_133236_1.jpg";42.25;"2023-10-27";"Young Publishing House";463;151;312;"Uncle Ho with teenagers";12
150;6072404961;"Bruce Bryans";"This description is updating, please wait for it. Thank you so much !!!";"https://bookbuy.vn//Res/Images/Product/doc-vi-tam-ly-dan-ong_133220_1.jpg";12.27;"2021-10-04";"Dan Tri Publishing House";258;47;211;"Read the psychology of men";12
151;3207258396;"Bruce Bryans";"This description is updating, please wait for it. Thank you so much !!!";"https://bookbuy.vn//Res/Images/Product/red-flag-trong-tinh-yeu_133208_1.jpg";12.27;"2021-09-28";"Labor Publishing House";401;105;296;"Red Flag in love";12
152;7643626849;"Tuyet Mai An Soai";"This description is updating, please wait for it. Thank you so much !!!";"https://bookbuy.vn//Res/Images/Product/vat-va-4-nam-hay-40-nam-bi-kip-chinh-phuc-4-nam-dai-hoc_133207_1.jpg";12.26;"2022-03-19";"Literature Publishing House";360;20;340;"Hard 4 years or 40 years?- The secret to conquering 4 years of college";12
153;9976661531;"Pham Thanh Tam";"This description is updating, please wait for it. Thank you so much !!!";"https://bookbuy.vn//Res/Images/Product/ki-niem-70-nam-chien-thang-dien-bien-phu-ki-hoa-trong-chien-hao_132201_1.jpg";14.4;"2022-04-14";"Kim Dong Publishing House";474;40;434;"Celebrating the 70th anniversary of the victory of Dien Bien Phu - sketching in trenches";12
154;7222291010;"Summon";"This description is updating, please wait for it. Thank you so much !!!";"https://bookbuy.vn//Res/Images/Product/tran-chien-10-nam-truoc-cuoc-doi-10-nam-sau_132200_1.jpg";10.1;"2021-12-18";"World Publishing House";474;200;274;"Battle 10 years ago, life 10 years later";12
155;9222400562;"Vanessa Marin Xander Marin";"This description is updating, please wait for it. Thank you so much !!!";"https://bookbuy.vn//Res/Images/Product/sex-talk-tro-chuyen-khi-yeu-_131183_1.jpg";14.4;"2019-05-31";"Thanh Nien Publishing House";229;85;144;"Sex Talk - Chat when ""love""""""";12
156;1172954695;"Dang Hong Quan Truong Han";"This description is updating, please wait for it. Thank you so much !!!";"https://bookbuy.vn//Res/Images/Product/tam-ly-hoc-that-ky-dieu_131182_1.jpg";17.79;"2022-07-24";"Women's Publishing House";232;171;61;"Psychology is miraculous";12
157;1673560469;"Huu Mai";"This description is updating, please wait for it. Thank you so much !!!";"https://bookbuy.vn//Res/Images/Product/hoa-ban-do_131156_1.jpg";63.35;"2021-05-17";"Young Publishing House";239;37;202;"Red rash";12
158;7574219578;"Karen Forshaw Chrissie Mowbay";"This description is updating, please wait for it. Thank you so much !!!";"https://bookbuy.vn//Res/Images/Product/vuon-len-tu-nghich-canh-ren-tinh-kien-cuong-moi-ngay_131150_1.jpg";13.31;"2020-08-06";"Young Publishing House";253;99;154;"Reaching from adversity - Forging daily resilience";12
159;3368762784;"Pham Thanh Tam";"This description is updating, please wait for it. Thank you so much !!!";"https://bookbuy.vn//Res/Images/Product/ki-hoa-trong-chien-hao_131148_1.jpg";14.4;"2022-06-15";"Kim Dong Publishing House";499;176;323;"Sketches in trenches";12
160;4628332603;"Thai To Yen";"This description is updating, please wait for it. Thank you so much !!!";"https://bookbuy.vn//Res/Images/Product/ban-co-hieu-nham-ve-nguoi-than-yeu-khong-_131139_1.jpg";84.4;"2020-07-06";"World Publishing House";472;98;374;"Do you misunderstand your loved one?";12
161;7491699359;"Rainer Zitelmann";"This description is updating, please wait for it. Thank you so much !!!";"https://bookbuy.vn//Res/Images/Product/song-manh-liet-chung-ta-co-the-hoc-duoc-gi-tu-nhung-nguoi-khuyet-tat-thanh-cong-_131130_1.JPG";15.58;"2021-07-11";"Women's Publishing House";211;195;16;"Live intensely - What can we learn from people with disabilities succeed?";12
162;6394679304;"Huu Mai";"This description is updating, please wait for it. Thank you so much !!!";"https://bookbuy.vn//Res/Images/Product/dien-bien-phu-thoi-gian-va-khong-_130031_1.jpg";59.95;"2019-08-09";"Young Publishing House";215;143;72;"Dien Bien Phu - Time and Space";12
163;8112425372;"Mo Van Chi";"This description is updating, please wait for it. Thank you so much !!!";"https://bookbuy.vn//Res/Images/Product/song-ca-ne-doi-khong-ne_133248_1.jpg";11.18;"2020-12-29";"Dan Tri Publishing House";243;100;143;"Live respectful life";13
164;1684827114;"Ly The Cuong";"This description is updating, please wait for it. Thank you so much !!!";"https://bookbuy.vn//Res/Images/Product/dinh-luat-murphy-lam-sao-de-nhung-viec-ban-lo-lang-se-khong-xay-ra_133246_1.jpg";10.1;"2023-07-21";"Literature Publishing House";371;179;192;"Murphy's law - how to worry about what you worry will not happen";13
165;7017983693;"Charles Sophy";"This description is updating, please wait for it. Thank you so much !!!";"https://bookbuy.vn//Res/Images/Product/lam-gi-khi-con-noi-loan-_133244_1.jpg";15.53;"2021-05-05";"World Publishing House";298;133;165;"What to do when you rebel?";13
166;8141342704;"Cao Thanh";"This description is updating, please wait for it. Thank you so much !!!";"https://bookbuy.vn//Res/Images/Product/trai-tim-kim-cuong_133238_1.jpg";15.52;"2022-02-03";"World Publishing House";226;173;53;"Diamond heart";13
167;5832050001;"Ha Minh Hong";"This description is updating, please wait for it. Thank you so much !!!";"https://bookbuy.vn//Res/Images/Product/bac-ho-voi-thieu-nien-nhi-dong_133236_1.jpg";42.25;"2020-07-07";"Young Publishing House";448;163;285;"Uncle Ho with teenagers";13
168;2116659741;"Bruce Bryans";"This description is updating, please wait for it. Thank you so much !!!";"https://bookbuy.vn//Res/Images/Product/doc-vi-tam-ly-dan-ong_133220_1.jpg";12.27;"2022-06-05";"Dan Tri Publishing House";272;74;198;"Read the psychology of men";13
169;9557238950;"Bruce Bryans";"This description is updating, please wait for it. Thank you so much !!!";"https://bookbuy.vn//Res/Images/Product/red-flag-trong-tinh-yeu_133208_1.jpg";12.27;"2021-10-06";"Labor Publishing House";343;79;264;"Red Flag in love";13
170;2749730928;"Tuyet Mai An Soai";"This description is updating, please wait for it. Thank you so much !!!";"https://bookbuy.vn//Res/Images/Product/vat-va-4-nam-hay-40-nam-bi-kip-chinh-phuc-4-nam-dai-hoc_133207_1.jpg";12.26;"2022-12-02";"Literature Publishing House";361;10;351;"Hard 4 years or 40 years?- The secret to conquering 4 years of college";13
171;6010403883;"Pham Thanh Tam";"This description is updating, please wait for it. Thank you so much !!!";"https://bookbuy.vn//Res/Images/Product/ki-niem-70-nam-chien-thang-dien-bien-phu-ki-hoa-trong-chien-hao_132201_1.jpg";14.4;"2020-04-11";"Kim Dong Publishing House";201;152;49;"Celebrating the 70th anniversary of the victory of Dien Bien Phu - sketching in trenches";13
172;1334114754;"Summon";"This description is updating, please wait for it. Thank you so much !!!";"https://bookbuy.vn//Res/Images/Product/tran-chien-10-nam-truoc-cuoc-doi-10-nam-sau_132200_1.jpg";10.1;"2019-10-04";"World Publishing House";288;63;225;"Battle 10 years ago, life 10 years later";13
173;1467645362;"Vanessa Marin Xander Marin";"This description is updating, please wait for it. Thank you so much !!!";"https://bookbuy.vn//Res/Images/Product/sex-talk-tro-chuyen-khi-yeu-_131183_1.jpg";14.4;"2023-07-13";"Thanh Nien Publishing House";203;106;97;"Sex Talk - Chat when ""love""""""";13
174;8236167373;"Dang Hong Quan Truong Han";"This description is updating, please wait for it. Thank you so much !!!";"https://bookbuy.vn//Res/Images/Product/tam-ly-hoc-that-ky-dieu_131182_1.jpg";17.79;"2021-12-19";"Women's Publishing House";433;192;241;"Psychology is miraculous";13
175;3786422108;"Huu Mai";"This description is updating, please wait for it. Thank you so much !!!";"https://bookbuy.vn//Res/Images/Product/hoa-ban-do_131156_1.jpg";63.35;"2022-06-08";"Young Publishing House";424;164;260;"Red rash";13
176;9482379343;"Karen Forshaw Chrissie Mowbay";"This description is updating, please wait for it. Thank you so much !!!";"https://bookbuy.vn//Res/Images/Product/vuon-len-tu-nghich-canh-ren-tinh-kien-cuong-moi-ngay_131150_1.jpg";13.31;"2020-02-13";"Young Publishing House";324;178;146;"Reaching from adversity - Forging daily resilience";13
177;2492381140;"Pham Thanh Tam";"This description is updating, please wait for it. Thank you so much !!!";"https://bookbuy.vn//Res/Images/Product/ki-hoa-trong-chien-hao_131148_1.jpg";14.4;"2019-08-31";"Kim Dong Publishing House";368;62;306;"Sketches in trenches";13
178;4625778185;"Thai To Yen";"This description is updating, please wait for it. Thank you so much !!!";"https://bookbuy.vn//Res/Images/Product/ban-co-hieu-nham-ve-nguoi-than-yeu-khong-_131139_1.jpg";84.4;"2020-04-05";"World Publishing House";380;103;277;"Do you misunderstand your loved one?";13
179;8481479012;"Rainer Zitelmann";"This description is updating, please wait for it. Thank you so much !!!";"https://bookbuy.vn//Res/Images/Product/song-manh-liet-chung-ta-co-the-hoc-duoc-gi-tu-nhung-nguoi-khuyet-tat-thanh-cong-_131130_1.JPG";15.58;"2022-05-13";"Women's Publishing House";345;152;193;"Live intensely - What can we learn from people with disabilities succeed?";13
180;3428658597;"Huu Mai";"This description is updating, please wait for it. Thank you so much !!!";"https://bookbuy.vn//Res/Images/Product/dien-bien-phu-thoi-gian-va-khong-_130031_1.jpg";59.95;"2019-08-13";"Young Publishing House";349;176;173;"Dien Bien Phu - Time and Space";13
181;7553535570;"Raymond A. Noe John R. Hollenbeck Barry Gerhart Patrick M. Wright";"This description is updating, please wait for it. Thank you so much !!!";"https://bookbuy.vn//Res/Images/Product/textbook-quan-tri-nguon-nhan-luc-thoi-dai-moi_133245_1.jpg";67.72;"2021-08-19";"Industry and Trade Publishing House";420;195;225;"Textbook - Administration of the new era human resource";14
182;8917866032;"Bruce Bryans";"This description is updating, please wait for it. Thank you so much !!!";"https://bookbuy.vn//Res/Images/Product/red-flag-trong-tinh-yeu_133208_1.jpg";12.27;"2021-05-15";"Labor Publishing House";398;187;211;"Red Flag in love";14
183;4624712574;"Tuyet Mai An Soai";"This description is updating, please wait for it. Thank you so much !!!";"https://bookbuy.vn//Res/Images/Product/vat-va-4-nam-hay-40-nam-bi-kip-chinh-phuc-4-nam-dai-hoc_133207_1.jpg";12.26;"2022-01-21";"Literature Publishing House";320;86;234;"Hard 4 years or 40 years?- The secret to conquering 4 years of college";14
184;5462832632;"Vanessa Marin Xander Marin";"This description is updating, please wait for it. Thank you so much !!!";"https://bookbuy.vn//Res/Images/Product/sex-talk-tro-chuyen-khi-yeu-_131183_1.jpg";14.4;"2024-04-12";"Thanh Nien Publishing House";400;118;282;"Sex Talk - Chat when ""love""""""";14
185;9893835162;"Dang Hong Quan Truong Han";"This description is updating, please wait for it. Thank you so much !!!";"https://bookbuy.vn//Res/Images/Product/tam-ly-hoc-that-ky-dieu_131182_1.jpg";17.79;"2022-08-12";"Women's Publishing House";251;66;185;"Psychology is miraculous";14
186;9646725190;"Bruce Bryans";"This description is updating, please wait for it. Thank you so much !!!";"https://bookbuy.vn//Res/Images/Product/tha-muon-nhung-dung-nguoi_131152_1.png";10.1;"2021-12-22";"Labor Publishing House";473;91;382;"It is better to be late but the right people";14
187;7717111265;"Karen Forshaw Chrissie Mowbay";"This description is updating, please wait for it. Thank you so much !!!";"https://bookbuy.vn//Res/Images/Product/vuon-len-tu-nghich-canh-ren-tinh-kien-cuong-moi-ngay_131150_1.jpg";13.31;"2022-01-03";"Young Publishing House";390;185;205;"Reaching from adversity - Forging daily resilience";14
188;5757097512;"Thai To Yen";"This description is updating, please wait for it. Thank you so much !!!";"https://bookbuy.vn//Res/Images/Product/ban-co-hieu-nham-ve-nguoi-than-yeu-khong-_131139_1.jpg";84.4;"2021-07-29";"World Publishing House";278;125;153;"Do you misunderstand your loved one?";14
189;6408098544;"Rainer Zitelmann";"This description is updating, please wait for it. Thank you so much !!!";"https://bookbuy.vn//Res/Images/Product/song-manh-liet-chung-ta-co-the-hoc-duoc-gi-tu-nhung-nguoi-khuyet-tat-thanh-cong-_131130_1.JPG";15.58;"2024-04-16";"Women's Publishing House";444;57;387;"Live intensely - What can we learn from people with disabilities succeed?";14
190;4036230994;"Many authors";"This description is updating, please wait for it. Thank you so much !!!";"https://bookbuy.vn//Res/Images/Product/ke-""huy-diet""""-ngon-tu-_131126_1.jpg""";84.4;"2020-03-07";"Dan Tri Publishing House";484;161;323;"The ""destroy"""" words""";14
191;6974947057;"James Innes";"This description is updating, please wait for it. Thank you so much !!!";"https://bookbuy.vn//Res/Images/Product/15-bi-kip-thich-nghi-va-thang-tien-noi-lam-viec-moi_130041_1.jpg";11.18;"2021-09-08";"Industry and Trade Publishing House";397;154;243;"15 tips to adapt and promote new workplace";14
192;8195862402;"Zoe McKey";"This description is updating, please wait for it. Thank you so much !!!";"https://bookbuy.vn//Res/Images/Product/lang-nghe-dua-tre-ben-trong_130011_1.jpg";12.27;"2019-10-12";"Labor Publishing House";280;100;180;"Listen to the child inside";14
193;3844818681;"Theresa Cheung";"This description is updating, please wait for it. Thank you so much !!!";"https://bookbuy.vn//Res/Images/Product/21-nghi-thuc-thay-doi-cuoc-doi-21-rituals-to-change-your-life_129998_1.jpg";10.09;"2019-12-05";"Hong Duc Publishing House";214;24;190;"21 Ritual of Life Change - 21 Rituals To Change Your Life";14
194;1953062850;"Truong Tung Huy";"This description is updating, please wait for it. Thank you so much !!!";"https://bookbuy.vn//Res/Images/Product/giai-ma-van-menh-chia-khoa-de-hieu-ro-so-phan_129994_1.jpg";14.43;"2021-03-12";"Hong Duc Publishing House";298;89;209;"Decoding destiny - the key to understand fate";14
195;3181948128;"Jang Hongan";"This description is updating, please wait for it. Thank you so much !!!";"https://bookbuy.vn//Res/Images/Product/dung-de-ban-than-mac-ket-trong-giac-mo-nguoi-khac_128946_1.jpg";67.7;"2023-09-28";"Thanh Nien Publishing House";492;167;325;"Do not let yourself be trapped in the dream of others";14
196;3161391985;"Ha Van Phuong";"This description is updating, please wait for it. Thank you so much !!!";"https://bookbuy.vn//Res/Images/Product/thong-minh-mac-loi-thong-minh_128902_1.jpg";10.0;"2020-12-30";"World Publishing House";202;140;62;"Smart Making Smart mistakes";14
197;1349794341;"Jung Wooyul";"This description is updating, please wait for it. Thank you so much !!!";"https://bookbuy.vn//Res/Images/Product/dau-co-met-moi-cung-dung-dua-dam-vao-nguoi-khac_128901_1.jpg";81.15;"2021-12-23";"Literature Publishing House";340;148;192;"Although tired, do not rely on others";14
198;4023051041;"Mike Berners-Lee";"This description is updating, please wait for it. Thank you so much !!!";"https://bookbuy.vn//Res/Images/Product/khi-su-song-khong-co-du-phong_128900_1.jpg";13.34;"2020-06-02";"World Publishing House";413;113;300;"When life has no backup";14
199;7010581338;"Lamb";"This description is updating, please wait for it. Thank you so much !!!";"https://bookbuy.vn//Res/Images/Product/ca-dao-ngay-nay-ngay-nay_128911_1.png";67.7;"2020-02-23";"World Publishing House";418;190;228;"Folk songs today";2
200;8330953702;"Nguyen The Quang";"This description is updating, please wait for it. Thank you so much !!!";"https://bookbuy.vn//Res/Images/Product/ho-xuan-huong-tieu-thuyet-lich-su_128648_1.jpg";17.7;"2021-09-30";"Ho Chi Minh City General Publishing House";315;148;167;"Ho Xuan Huong - Historical novel";2
201;9385481566;"Winlinh";"This description is updating, please wait for it. Thank you so much !!!";"https://bookbuy.vn//Res/Images/Product/van-on-nguoi-den-giua-tran-gian-_128364_5.png";14.43;"2021-08-03";"Literature Publishing House";260;145;115;"Still thank you to the middle of the world";2
202;1294111342;"Cloud Pillow Studio";"This description is updating, please wait for it. Thank you so much !!!";"https://bookbuy.vn//Res/Images/Product/ben-cua-ngam-xuan_128256_1.jpg";57.75;"2019-06-02";"Kim Dong Publishing House";432;38;394;"At the door to see the spring";2
203;3371227132;"@yenlamtho";"This description is updating, please wait for it. Thank you so much !!!";"https://bookbuy.vn//Res/Images/Product/an_127924_1.png";67.7;"2021-08-09";"Vietnamese Women's Publishing House";379;193;186;"An";2
204;2386362684;"Ta Huy Long Cao Xuan Son";"This description is updating, please wait for it. Thank you so much !!!";"https://bookbuy.vn//Res/Images/Product/con-chuon-chuon-dep-nhat_127906_2.jpg";10.02;"2020-12-28";"Kim Dong Publishing House";270;87;183;"The most beautiful dragonfly";2
205;2846877464;"Ho Anh Thai Tuyen";"This description is updating, please wait for it. Thank you so much !!!";"https://bookbuy.vn//Res/Images/Product/sach-tet-giap-thin-2024-hop-tuyen-van-tho-nhac-hoa-chu-de-mua-xuan-va-ngay-tet_127831_2.jpg";33.39;"2020-11-03";"Literature Publishing House";301;102;199;"Lunar New Year Book of Thin 2024 - Hop recruiting music poetry for spring theme and Tet holiday";2
206;6107203100;"Quang Dung";"This description is updating, please wait for it. Thank you so much !!!";"https://bookbuy.vn//Res/Images/Product/tho-quang-dung-tu-sach-van-hoc-trong-nha-truong-_127741_1.jpg";38.8;"2020-05-01";"Kim Dong Publishing House";422;3;419;"Quang Dung poetry (Literature bookcase in school)";2
207;5280878293;"Nguyen Huy Thiep";"This description is updating, please wait for it. Thank you so much !!!";"https://bookbuy.vn//Res/Images/Product/anh-hung-con-chi_126549_1.jpg";14.43;"2022-03-24";"Writers Association Publishing House";309;77;232;"Hero also Chi";2
208;5109766274;"Winlinh";"This description is updating, please wait for it. Thank you so much !!!";"https://bookbuy.vn//Res/Images/Product/vuon-toi-co-cay-la-binh-yen_125879_4.jpg";11.15;"2021-09-15";"World Publishing House";498;168;330;"My garden has peaceful leaves";2
209;4376616633;"Hngoc";"This description is updating, please wait for it. Thank you so much !!!";"https://bookbuy.vn//Res/Images/Product/nhu-sao-troi-om-lay-dai-duong_125827_3.png";73.3;"2022-01-18";"Dan Tri Publishing House";265;59;206;"Like stars hugging the ocean";2
210;4260528852;"Tran Dang Khoa";"This description is updating, please wait for it. Thank you so much !!!";"https://bookbuy.vn//Res/Images/Product/goc-san-va-khoang-troi-tinh-tuyen-tai-ban-2023-_125340_1.jpg";66.6;"2024-01-11";"Literature Publishing House";212;158;54;"Corner of the yard and the sky - Tuyen Tuyen (Republic of 2023)";2
211;4970965878;"Le Hoai Dang";"This description is updating, please wait for it. Thank you so much !!!";"https://bookbuy.vn//Res/Images/Product/troi-nay-qua-dep-de-buon-doi-nay-qua-dep-lai-buon-ban-dac-biet-_125238_1.jpg";68.85;"2019-05-20";"World Publishing House";375;101;274;"This sky is so beautiful to be sad - this life is so beautiful and sad - the special version";2
212;2942822789;"Mai Thanh Ha";"This description is updating, please wait for it. Thank you so much !!!";"https://bookbuy.vn//Res/Images/Product/cam-on-ban-da-khong-tu-bo-chinh-minh_123566_1.jpg";75.55;"2019-12-06";"World Publishing House";353;134;219;"Thank you for not giving up yourself";2
213;4888880783;"Farzana Sarup";"This description is updating, please wait for it. Thank you so much !!!";"https://bookbuy.vn//Res/Images/Product/combo-4-tap-tho-hay-cho-be-hoc-ve_122587_1.jpg";10.02;"2024-01-07";"Hanoi Publishing House";440;43;397;"Combo 4 good poems for children to learn";2
214;2501612330;"Farzana Sarup";"This description is updating, please wait for it. Thank you so much !!!";"https://bookbuy.vn//Res/Images/Product/tho-hay-cho-be-hoc-ve-mau-sac_122586_1.jpg";25.55;"2020-05-21";"Hanoi Publishing House";318;65;253;"Good poetry for children to learn about colors";2
215;4575101091;"Farzana Sarup";"This description is updating, please wait for it. Thank you so much !!!";"https://bookbuy.vn//Res/Images/Product/tho-hay-cho-be-hoc-ve-hinh-dang_122585_1.jpg";25.55;"2022-09-30";"Hanoi Publishing House";497;43;454;"Good poetry for children to learn about shape";2
216;1632946267;"Farzana Sarup";"This description is updating, please wait for it. Thank you so much !!!";"https://bookbuy.vn//Res/Images/Product/tho-hay-cho-be-hoc-ve-so-thu_122584_1.jpg";25.55;"2021-12-31";"Hanoi Publishing House";409;28;381;"Good poetry for children to learn about zoo";2
217;5005197660;"Le Huy Khoa Le Huu Nhan";"This description is updating, please wait for it. Thank you so much !!!";"https://bookbuy.vn//Res/Images/Product/-tieng-han-cho-du-lich-_114746_1.png";10.01;"2023-11-26";"Hanoi Publishing House";479;35;444;"Korean for travel";4
218;8776616377;"The Korean Language Proficiency Research Association";"This description is updating, please wait for it. Thank you so much !!!";"https://bookbuy.vn//Res/Images/Product/-ky-thi-nang-luc-tieng-han-topik-ii-thi-la-dau-_114513_1.PNG";28.89;"2022-03-01";"Young Publishing House";268;128;140;"The Korean language skills test - Topik II - The exam is passed";4
219;3535711232;"Haiyoung Lee Jungran Lee Jeehye Ha Bolami Lee Eunjoo";"This description is updating, please wait for it. Thank you so much !!!";"https://bookbuy.vn//Res/Images/Product/77-cach-hoi-thoai-de-thau-hieu-suy-nghi-cua-nguoi-han-quoc_108487_1.PNG";14.44;"2023-09-08";"Hanoi Publishing House";300;123;177;"77 ways of conversation to understand Korean thoughts";4
220;8851591576;"The Changmi";"This description is updating, please wait for it. Thank you so much !!!";"https://bookbuy.vn//Res/Images/Product/15-phut-tu-hoc-tieng-han-moi-ngay_107816_1.PNG";10.1;"2023-11-28";"Hong Duc Publishing House";297;52;245;"15 minutes self -study Korean every day";4
221;8723730217;"Le Huy Khoa";"This description is updating, please wait for it. Thank you so much !!!";"https://bookbuy.vn//Res/Images/Product/tu-dien-viet-han_105338_1.PNG";18.86;"2021-01-22";"World Publishing House";499;124;375;"Vietnamese - Korea Dictionary";4
222;5402065845;"Park Ji Hoon Chu Thi Phong Lan Tran Thi Huong";"This description is updating, please wait for it. Thank you so much !!!";"https://bookbuy.vn//Res/Images/Product/tieng-viet-danh-cho-nguoi-han-so-cap_105118_1.PNG";15.53;"2022-05-16";"Hong Duc Publishing House";475;163;312;"Vietnamese for Korean - Primary";4
223;1561409569;"Nguyen Thao";"This description is updating, please wait for it. Thank you so much !!!";"https://bookbuy.vn//Res/Images/Product/minjung-5500-tu-vung-tieng-han-thong-dung_104174_1.PNG";76.65;"2020-06-27";"Dan Tri Publishing House";309;181;128;"Minjung 5500 common Korean vocabulary";4
224;3165482865;"Lee Mi-hye";"This description is updating, please wait for it. Thank you so much !!!";"https://bookbuy.vn//Res/Images/Product/cam-nang-tieng-han-trong-giao-tiep-thuong-mai-tap-2-kem-1-cd-_90951_1.jpg";18.85;"2023-05-06";"Ho Chi Minh City National University Publishing House";260;14;246;"Korean language handbook in commercial communication - Episode 2 (with 1 CD)";4
225;4332307556;"Lee Mi-hye";"This description is updating, please wait for it. Thank you so much !!!";"https://bookbuy.vn//Res/Images/Product/cam-nang-tieng-han-trong-giao-tiep-thuong-mai-tap-1-kem-1-cd-_90948_1.jpg";15.6;"2021-04-26";"Ho Chi Minh City National University Publishing House";434;54;380;"Korean Handbook in Commercial Communication - Episode 1 (with 1 CD)";4
226;5537050308;"My Trinh - Minh Khang";"This description is updating, please wait for it. Thank you so much !!!";"https://bookbuy.vn//Res/Images/Product/tieng-han-danh-cho-nguoi-viet-tai-ban-2017-_73986_1.jpg";10.05;"2022-08-05";"General Publishing House";223;154;69;"Korean for Vietnamese";4
227;5386416568;"Dana Health";"This description is updating, please wait for it. Thank you so much !!!";"https://bookbuy.vn//Res/Images/Product/get-started-in-vietnamese-absolute-beginner-course_54017_1.jpg";32.29;"2020-12-13";"McGraw-Hill Education";242;25;217;"Get Started in Vietnamese Absolute Beginner Course";4
228;6019435284;"The Changmi";"This description is updating, please wait for it. Thank you so much !!!";"https://bookbuy.vn//Res/Images/Product/10-phut-tu-hoc-tieng-han-moi-ngay_52645_1.png";72.2;"2022-11-12";"Hanoi National University Publishing House";321;97;224;"10 minutes of self -study Korean every day";4
229;5823654758;"Ahn Jean-Myung Min Jin-Young";"This description is updating, please wait for it. Thank you so much !!!";"https://bookbuy.vn//Res/Images/Product/ngu-phap-tieng-han-thong-dung-trung-cap-kem-1-cd-_48557_1.jpg";17.7;"2024-02-10";"Hong Duc Publishing House";359;126;233;"Common Korean grammar - Intermediate (with 1 CD)";4
230;1773581771;"Elke Huppertz Giovanni Ciani";"This description is updating, please wait for it. Thank you so much !!!";"https://bookbuy.vn//Res/Images/Product/italiano-wodoku-vui-hoc-tu-vung-voi-o-chu-sudoku_47467_1.jpg";19.98;"2024-04-24";"General Publishing House";259;35;224;"Italiano Wodoku: Happy to learn vocabulary with the letter Sudoku";4
231;5529034926;"Elke Huppertz Neus Carbó";"This description is updating, please wait for it. Thank you so much !!!";"https://bookbuy.vn//Res/Images/Product/español-wodoku-vui-hoc-tu-vung-voi-o-chu-sudoku_47465_1.jpg";19.98;"2019-06-04";"General Publishing House";334;43;291;"Español wodoku: happy to learn vocabulary with the letter Sudoku";4
232;4895623431;"Khuong Le Binh";"This description is updating, please wait for it. Thank you so much !!!";"https://bookbuy.vn//Res/Images/Product/giao-trinh-chuan-hsk-1-tai-ban-2023-_125372_1.jpg";16.68;"2022-03-15";"General Ho Chi Minh City";205;67;138;"Standard Curriculum HSK 1 (Representing 2023)";6
233;2965005160;"Kaixin";"This description is updating, please wait for it. Thank you so much !!!";"https://bookbuy.vn//Res/Images/Product/tu-hoc-tieng-trung-danh-cho-nguoi-viet_108988_1.PNG";83.3;"2020-12-25";"Hong Duc Publishing House";231;135;96;"Self -study Chinese for Vietnamese";6
234;6947519043;"Cashier";"This description is updating, please wait for it. Thank you so much !!!";"https://bookbuy.vn//Res/Images/Product/xinfeng-10-phut-tu-hoc-tieng-trung-moi-ngay-ban-mau-kem-cd-_65450_1.png";55.5;"2022-11-18";"Hanoi National University Publishing House";362;114;248;"Xinfeng - 10 minutes of self -study Chinese every day (color version - with CD)";6
235;2774959742;"Song Lianyi Vuong Hai Minh";"This description is updating, please wait for it. Thank you so much !!!";"https://bookbuy.vn//Res/Images/Product/huong-dan-doc-va-viet-tieng-hoa-cho-nguoi-moi-bat-dau-tai-ban-_65310_1.jpg";30.05;"2020-12-20";"Thanh Nien Publishing House";480;3;477;"Instructions for reading and writing Chinese for beginners (reprint)";6
236;9045005353;"Elke Huppertz";"This description is updating, please wait for it. Thank you so much !!!";"https://bookbuy.vn//Res/Images/Product/francais-wodoku-vui-hoc-tu-vung-voi-o-chu-sudoku_47463_1.jpg";19.98;"2022-01-04";"General Publishing House";313;162;151;"Francais Wodoku: Happy to learn vocabulary with the letter Sudo \ Ku";6
237;3740840904;"MSc.Tran Thi Thanh Liem";"This description is updating, please wait for it. Thank you so much !!!";"https://bookbuy.vn//Res/Images/Product/ngu-phap-tieng-hoa-co-ban_44910_1.jpg";40.05;"2020-03-16";"Information and Culture Publishing House";407;184;223;"Modern basic Chinese grammar";6
238;9187498957;"Trieu Kim Minh";"This description is updating, please wait for it. Thank you so much !!!";"https://bookbuy.vn//Res/Images/Product/dam-thoai-tieng-trung-cap-toc-tap-2-kem-cd_44909_1.jpg";17.78;"2023-02-03";"General Publishing House";206;18;188;"Intermediate conversation - Episode 2 - Attached CD";6
239;1190213053;"Trieu Kim Minh";"This description is updating, please wait for it. Thank you so much !!!";"https://bookbuy.vn//Res/Images/Product/dam-thoai-tieng-trung-cap-toc-tap-1-kem-cd_44902_1.jpg";17.78;"2019-07-26";"General Publishing House";335;30;305;"Intermediate conversation - Volume 1 - Attached CD";6
240;7822219340;"Khang Ngoc Hoa";"This description is updating, please wait for it. Thank you so much !!!";"https://bookbuy.vn//Res/Images/Product/301-cau-dam-thoai-tieng-trung-quoc_44897_1.jpg";19.98;"2019-09-22";"General Publishing House";428;73;355;"301 Chinese conversation - Episode 1 (with CD) - Reprint 2014";6
241;1870734874;"Sea oats";"This description is updating, please wait for it. Thank you so much !!!";"https://bookbuy.vn//Res/Images/Product/dam-thoai-tieng-hoa-trong-nhung-tinh-huong-khan-cap_44256_1.jpg";34.4;"2022-10-03";"World Publishing House";441;6;435;"Chinese conversation in emergency situations";6
242;9907960976;"Luu Van";"This description is updating, please wait for it. Thank you so much !!!";"https://bookbuy.vn//Res/Images/Product/tai-lieu-luyen-thi-nang-luc-han-ngu-cap-1_37192_1.jpg";51.1;"2019-05-20";"Hanoi National University Publishing House";277;170;107;"DOCUMENTATION Exam preparation for Chinese language skills - Level 1";6
243;1806462364;"Luu Van";"This description is updating, please wait for it. Thank you so much !!!";"https://bookbuy.vn//Res/Images/Product/tai-lieu-luyen-thi-nang-luc-han-ngu-cap-2_37194_1.jpg";52.25;"2020-10-25";"Hanoi National University Publishing House";274;52;222;"DOCUMENTATION Exam preparation for Chinese - Level 2";6
244;6036037130;"Luu Van Thach Boi Chi";"This description is updating, please wait for it. Thank you so much !!!";"https://bookbuy.vn//Res/Images/Product/tai-lieu-luyen-thi-nang-luc-han-ngu-cap-3_37195_1.jpg";55.5;"2019-07-23";"Hanoi National University Publishing House";296;123;173;"DOCUMENTATION Exam preparation for Han Chinese - Level 3";6
245;9365481606;"Ngoc Han";"This description is updating, please wait for it. Thank you so much !!!";"https://bookbuy.vn//Res/Images/Product/30-phut-tu-hoc-giao-tiep-tieng-trung-kem-cd-_40290_1.gif";66.6;"2020-04-14";"Hanoi National University Publishing House";230;143;87;"30 minutes self -study Chinese communication (with CD)";6
246;7561145175;"Vietnamese intellectuals";"This description is updating, please wait for it. Thank you so much !!!";"https://bookbuy.vn//Res/Images/Product/5500-cau-khau-ngu-tieng-hoa-thuong-dung_24907_1.jpg";53.35;"2023-11-20";"Polytechnic Dictionary Publishing House";321;128;193;"5500 common Chinese language verses";6
